Date,Time (GMT),Highest,MHHW (ft),MHW (ft),MSL (ft),MTL (ft),MLW (ft),MLLW (ft),Lowest (ft),Inf
1921/05/01,00:00,NaN,NaN,NaN,4.855,NaN,NaN,NaN,NaN,0
1921/06/01,00:00,NaN,NaN,NaN,4.776,NaN,NaN,NaN,NaN,0
1921/07/01,00:00,NaN,NaN,NaN,4.717,NaN,NaN,NaN,NaN,0
1921/08/01,00:00,11.275,NaN,9.254,4.526,4.395,-0.474,NaN,-2.524,0
1921/09/01,00:00,11.075,NaN,9.385,4.645,4.517,-0.346,NaN,-2.524,0
1921/10/01,00:00,11.475,NaN,9.366,4.605,4.494,-0.375,NaN,-2.226,0
1921/11/01,00:00,12.374,NaN,9.464,4.766,4.674,-0.106,NaN,-1.625,0
1921/12/01,00:00,11.177,NaN,9.185,4.576,4.454,-0.273,NaN,-2.324,0
1922/01/01,00:00,10.977,NaN,8.916,4.234,4.097,-0.736,NaN,-3.325,0
1922/02/01,00:00,11.275,NaN,9.044,4.326,4.175,-0.684,NaN,-3.525,0
1922/03/01,00:00,11.475,NaN,9.195,4.494,4.336,-0.516,NaN,-2.626,0
1922/04/01,00:00,12.076,NaN,9.284,4.586,4.435,-0.405,NaN,-2.324,0
1922/05/01,00:00,11.275,NaN,9.234,4.566,4.415,-0.405,NaN,-2.226,0
1922/06/01,00:00,10.977,NaN,9.415,4.674,4.556,-0.316,NaN,-1.825,0
1922/07/01,00:00,11.075,NaN,9.444,4.694,4.536,-0.365,NaN,-2.226,0
1922/08/01,00:00,11.075,NaN,9.454,4.684,4.546,-0.365,NaN,-2.524,0
1922/09/01,00:00,11.675,NaN,9.395,4.654,4.536,-0.326,NaN,-2.124,0
1922/10/01,00:00,11.177,NaN,9.385,4.694,4.586,-0.214,NaN,-2.724,0
1922/11/01,00:00,11.675,NaN,9.366,4.694,4.595,-0.175,NaN,-2.124,0
1922/12/01,00:00,11.075,NaN,9.156,4.507,4.385,-0.385,NaN,-2.524,0
1923/01/01,00:00,11.275,NaN,9.215,4.615,4.484,-0.244,NaN,-2.025,0
1923/02/01,00:00,11.574,NaN,9.166,4.435,4.326,-0.516,NaN,-2.426,0
1923/03/01,00:00,11.574,NaN,9.264,4.435,4.307,-0.644,NaN,-2.724,0
1923/04/01,00:00,11.774,NaN,9.366,4.566,4.415,-0.526,NaN,-3.623,0
1923/05/01,00:00,11.475,NaN,9.346,4.566,4.415,-0.506,NaN,-2.924,0
1923/06/01,00:00,11.475,NaN,9.415,4.707,4.576,-0.264,NaN,-2.524,0
1923/07/01,00:00,10.875,NaN,9.274,4.536,4.415,-0.444,NaN,-2.025,0
1923/08/01,00:00,10.576,NaN,9.225,4.494,4.395,-0.444,NaN,-1.523,0
1923/09/01,00:00,10.675,NaN,9.126,4.454,4.336,-0.444,NaN,-2.324,0
1923/10/01,00:00,11.075,NaN,9.205,4.576,4.444,-0.316,NaN,-2.626,0
1923/11/01,00:00,11.574,NaN,9.405,4.736,4.625,-0.165,NaN,-2.724,0
1923/12/01,00:00,11.774,NaN,9.205,4.517,4.395,-0.414,NaN,-2.826,0
1924/01/01,00:00,11.275,NaN,8.946,4.225,4.116,-0.716,NaN,-3.124,0
1924/02/01,00:00,11.876,NaN,9.356,4.586,4.474,-0.414,NaN,-2.124,0
1924/03/01,00:00,11.377,NaN,9.684,4.917,4.805,-0.073,NaN,-1.924,0
1924/04/01,00:00,11.377,NaN,9.405,4.654,4.536,-0.346,NaN,-2.524,0
1924/05/01,00:00,11.377,NaN,9.405,4.736,4.595,-0.205,NaN,-2.826,0
1924/06/01,00:00,11.475,NaN,9.307,4.664,4.526,-0.254,NaN,-2.524,0
1924/07/01,00:00,11.774,NaN,9.225,4.556,4.444,-0.336,NaN,-2.324,0
1924/08/01,00:00,11.075,NaN,9.307,4.645,4.526,-0.254,NaN,-1.924,0
1924/09/01,00:00,10.875,NaN,9.415,4.595,4.454,-0.506,NaN,-2.025,0
1924/10/01,00:00,11.675,NaN,9.336,4.605,4.494,-0.336,NaN,-2.025,0
1924/11/01,00:00,11.675,NaN,9.274,4.536,4.415,-0.444,NaN,-2.924,0
1924/12/01,00:00,11.377,NaN,9.005,4.215,4.107,-0.785,NaN,-3.525,0
1925/01/01,00:00,11.275,NaN,9.107,4.444,4.336,-0.424,NaN,-2.826,0
1925/02/01,00:00,10.977,NaN,9.044,4.297,4.175,-0.684,NaN,-3.026,0
1925/03/01,00:00,10.074,NaN,8.946,4.264,4.146,-0.654,NaN,-2.524,0
1925/04/01,00:00,10.875,NaN,9.097,4.484,4.356,-0.395,NaN,-1.825,0
1925/05/01,00:00,10.776,NaN,9.166,4.576,4.444,-0.273,NaN,-2.524,0
1925/06/01,00:00,11.574,NaN,9.254,4.586,4.454,-0.355,NaN,-2.324,0
1925/07/01,00:00,11.377,NaN,9.307,4.586,4.454,-0.385,NaN,-2.724,0
1925/08/01,00:00,11.275,NaN,9.326,4.586,4.454,-0.405,NaN,-2.826,0
1925/09/01,00:00,11.275,NaN,9.356,4.654,4.536,-0.293,NaN,-2.124,0
1925/10/01,00:00,10.776,NaN,9.284,4.566,4.454,-0.375,NaN,-2.124,0
1925/11/01,00:00,11.475,NaN,9.136,4.484,4.376,-0.385,NaN,-2.626,0
1925/12/01,00:00,11.275,NaN,9.136,4.484,4.395,-0.336,NaN,-2.324,0
1926/01/01,00:00,11.876,NaN,8.844,4.244,4.136,-0.575,NaN,-2.924,0
1926/02/01,00:00,12.374,NaN,9.405,4.694,4.576,-0.244,NaN,-2.826,0
1926/03/01,00:00,11.177,NaN,8.985,4.284,4.166,-0.654,NaN,-2.724,0
1926/04/01,00:00,10.776,NaN,9.126,4.444,4.326,-0.483,NaN,-2.724,0
1926/05/01,00:00,10.875,NaN,9.175,4.546,4.415,-0.336,NaN,-2.124,0
1926/06/01,00:00,10.875,NaN,9.234,4.546,4.415,-0.414,NaN,-2.226,0
1926/07/01,00:00,10.875,NaN,9.326,4.615,4.474,-0.375,NaN,-2.524,0
1926/08/01,00:00,11.675,NaN,9.435,4.707,4.566,-0.306,NaN,-2.426,0
1926/09/01,00:00,11.275,NaN,9.264,4.625,4.517,-0.244,NaN,-2.324,0
1926/10/01,00:00,11.876,NaN,9.254,4.727,4.615,-0.024,NaN,-2.226,0
1926/11/01,00:00,11.574,NaN,8.975,4.435,4.316,-0.336,NaN,-2.226,0
1926/12/01,00:00,10.475,NaN,9.097,4.566,4.454,-0.175,NaN,-2.324,0
1927/01/01,00:00,11.574,NaN,8.956,4.376,4.274,-0.395,NaN,-2.124,0
1927/02/01,00:00,11.574,NaN,9.307,4.717,4.595,-0.116,NaN,-2.724,0
1927/03/01,00:00,12.076,NaN,9.225,4.507,4.385,-0.444,NaN,-2.924,0
1927/04/01,00:00,11.275,NaN,9.264,4.526,4.385,-0.493,NaN,-2.626,0
1927/05/01,00:00,11.475,NaN,9.425,4.684,4.566,-0.293,NaN,-2.524,0
1927/06/01,00:00,10.875,NaN,9.346,4.727,4.595,-0.155,NaN,-1.825,0
1927/07/01,00:00,10.576,NaN,9.254,4.615,4.494,-0.254,NaN,-1.724,0
1927/08/01,00:00,11.275,NaN,9.307,4.694,4.576,-0.165,NaN,-1.924,0
1927/09/01,00:00,11.377,NaN,9.346,4.664,4.536,-0.273,NaN,-2.025,0
1927/10/01,00:00,11.876,NaN,9.297,4.736,4.615,-0.063,NaN,-2.626,0
1927/11/01,00:00,11.574,NaN,9.264,4.684,4.576,-0.126,NaN,-2.924,0
1927/12/01,00:00,12.076,NaN,9.376,4.805,4.707,0.035,NaN,-2.724,0
1928/01/01,00:00,10.977,NaN,8.965,4.385,4.274,-0.424,NaN,-3.725,0
1928/02/01,00:00,11.177,NaN,8.965,4.274,4.146,-0.674,NaN,-2.524,0
1928/03/01,00:00,11.275,NaN,9.146,4.474,4.366,-0.414,NaN,-2.124,0
1928/04/01,00:00,11.876,NaN,9.005,4.385,4.264,-0.474,NaN,-3.124,0
1928/05/01,00:00,11.774,NaN,9.316,4.674,4.556,-0.195,NaN,-2.426,0
1928/06/01,00:00,11.574,NaN,9.297,4.727,4.595,-0.096,NaN,-2.524,0
1928/07/01,00:00,11.075,NaN,9.195,4.684,4.556,-0.073,NaN,-2.124,0
1928/08/01,00:00,10.675,NaN,9.264,4.727,4.615,-0.044,NaN,-1.523,0
1928/09/01,00:00,10.776,NaN,9.274,4.746,4.635,-0.014,NaN,-1.425,0
1928/10/01,00:00,10.875,NaN,9.166,4.566,4.454,-0.244,NaN,-2.524,0
1928/11/01,00:00,11.275,NaN,9.116,4.546,4.435,-0.234,NaN,-3.026,0
1928/12/01,00:00,12.276,NaN,8.926,4.326,4.234,-0.454,NaN,-2.924,0
1929/01/01,00:00,11.177,NaN,8.716,4.175,4.064,-0.585,NaN,-2.426,0
1929/02/01,00:00,10.675,NaN,9.126,4.526,4.395,-0.326,NaN,-2.324,0
1929/03/01,00:00,10.776,NaN,9.116,4.586,4.484,-0.145,NaN,-1.825,0
1929/04/01,00:00,12.174,NaN,9.385,4.894,4.766,0.147,NaN,-1.625,0
1929/05/01,00:00,10.475,NaN,8.877,4.395,4.274,-0.316,NaN,-3.026,0
1929/06/01,00:00,11.475,NaN,9.316,4.776,4.654,-0.014,NaN,-2.226,0
1929/07/01,00:00,11.275,NaN,9.146,4.566,4.435,-0.273,NaN,-2.426,0
1929/08/01,00:00,11.574,NaN,9.234,4.635,4.536,-0.175,NaN,-2.426,0
1929/09/01,00:00,11.075,NaN,9.234,4.674,4.536,-0.155,NaN,-2.124,0
1929/10/01,00:00,11.075,NaN,9.126,4.566,4.454,-0.214,NaN,-1.625,0
1929/11/01,00:00,12.076,NaN,9.044,4.546,4.444,-0.155,NaN,-2.226,0
1929/12/01,00:00,11.675,NaN,8.956,4.484,4.395,-0.175,NaN,-2.025,0
1930/01/01,00:00,11.876,NaN,8.785,4.336,4.244,-0.293,NaN,-2.226,0
1930/02/01,00:00,10.977,NaN,8.824,4.376,4.244,-0.336,NaN,-3.124,0
1930/03/01,00:00,10.576,NaN,8.887,4.405,4.284,-0.316,NaN,-3.525,0
1930/04/01,00:00,10.576,NaN,8.824,4.356,4.215,-0.405,NaN,-2.324,0
1930/05/01,00:00,10.875,NaN,9.107,4.546,4.444,-0.214,NaN,-2.025,0
1930/06/01,00:00,11.377,NaN,9.034,4.494,4.376,-0.293,NaN,-2.324,0
1930/07/01,00:00,11.275,NaN,9.264,4.664,4.536,-0.195,NaN,-2.124,0
1930/08/01,00:00,11.675,NaN,9.244,4.694,4.576,-0.083,NaN,-2.426,0
1930/09/01,00:00,10.776,NaN,9.146,4.707,4.586,0.025,NaN,-2.124,0
1930/10/01,00:00,11.675,NaN,9.284,4.976,4.855,0.435,NaN,-2.124,0
1930/11/01,00:00,11.075,NaN,8.795,4.464,4.366,-0.063,NaN,-2.124,0
1930/12/01,00:00,11.275,NaN,8.965,4.625,4.536,0.094,NaN,-1.724,0
1931/01/01,00:00,12.574,NaN,9.034,4.576,4.474,-0.096,NaN,-2.025,0
1931/02/01,00:00,10.977,NaN,9.015,4.526,4.415,-0.195,NaN,-2.724,0
1931/03/01,00:00,13.477,NaN,9.684,5.055,4.937,0.176,NaN,-2.426,0
1931/04/01,00:00,11.675,NaN,9.264,4.595,4.454,-0.346,NaN,-2.826,0
1931/05/01,00:00,11.275,NaN,9.326,4.674,4.536,-0.254,NaN,-2.626,0
1931/06/01,00:00,10.977,NaN,9.494,4.966,4.835,0.176,NaN,-1.425,0
1931/07/01,00:00,11.177,NaN,9.356,4.835,4.717,0.065,NaN,-1.425,0
1931/08/01,00:00,10.875,NaN,9.316,4.825,4.694,0.084,NaN,-2.324,0
1931/09/01,00:00,11.075,NaN,9.244,4.805,4.694,0.137,NaN,-2.324,0
1931/10/01,00:00,11.075,NaN,9.195,4.776,4.664,0.137,NaN,-3.026,0
1931/11/01,00:00,11.177,NaN,8.864,4.464,4.366,-0.136,NaN,-2.524,0
1931/12/01,00:00,10.977,NaN,8.985,4.526,4.425,-0.136,NaN,-2.724,0
1932/01/01,00:00,11.275,NaN,9.185,4.674,4.556,-0.083,NaN,-2.226,0
1932/02/01,00:00,11.275,NaN,9.185,4.717,4.595,0.015,NaN,-2.025,0
1932/03/01,00:00,11.675,NaN,9.254,4.727,4.595,-0.054,NaN,-3.026,0
1932/04/01,00:00,11.574,NaN,9.175,4.625,4.484,-0.205,NaN,-2.724,0
1932/05/01,00:00,11.275,NaN,8.975,4.474,4.356,-0.273,NaN,-3.026,0
1932/06/01,00:00,11.377,NaN,9.166,4.717,4.595,0.015,NaN,-2.226,0
1932/07/01,00:00,11.075,NaN,9.195,4.766,4.664,0.137,NaN,-1.724,0
1932/08/01,00:00,10.475,NaN,9.146,4.684,4.556,-0.024,NaN,-1.225,0
1932/09/01,00:00,10.875,NaN,9.435,4.815,4.694,-0.034,NaN,-1.724,0
1932/10/01,00:00,11.275,NaN,9.274,4.654,4.536,-0.214,NaN,-2.724,0
1932/11/01,00:00,12.374,NaN,9.444,4.884,4.776,0.094,NaN,-2.626,0
1932/12/01,00:00,11.475,NaN,9.195,4.605,4.517,-0.155,NaN,-2.226,0
1933/01/01,00:00,12.975,NaN,9.336,4.894,4.795,0.245,NaN,-1.523,0
1933/02/01,00:00,11.475,NaN,9.074,4.526,4.395,-0.293,NaN,-2.226,0
1933/03/01,00:00,11.177,NaN,9.195,4.727,4.595,-0.014,NaN,-2.426,0
1933/04/01,00:00,11.774,NaN,9.366,4.825,4.694,0.015,NaN,-2.226,0
1933/05/01,00:00,11.574,NaN,9.274,4.805,4.674,0.074,NaN,-2.426,0
1933/06/01,00:00,11.876,NaN,9.484,4.904,4.776,0.055,NaN,-2.524,0
1933/07/01,00:00,11.876,NaN,9.415,4.835,4.694,-0.024,NaN,-2.025,0
1933/08/01,00:00,11.475,NaN,9.415,4.825,4.684,-0.044,NaN,-2.025,0
1933/09/01,00:00,11.275,NaN,9.576,4.946,4.805,0.035,NaN,-1.625,0
1933/10/01,00:00,10.977,NaN,9.376,4.795,4.654,-0.063,NaN,-2.025,0
1933/11/01,00:00,11.675,NaN,9.116,4.674,4.536,-0.034,NaN,-2.226,0
1933/12/01,00:00,11.675,NaN,9.034,4.586,4.494,-0.054,NaN,-3.124,0
1934/01/01,00:00,11.774,NaN,8.956,4.494,4.395,-0.165,NaN,-2.724,0
1934/02/01,00:00,11.774,NaN,8.815,4.307,4.215,-0.385,NaN,-2.226,0
1934/03/01,00:00,10.875,NaN,8.864,4.244,4.126,-0.615,NaN,-2.524,0
1934/04/01,00:00,11.574,NaN,9.244,4.664,4.526,-0.195,NaN,-2.524,0
1934/05/01,00:00,11.275,NaN,9.097,4.484,4.356,-0.395,NaN,-2.724,0
1934/06/01,00:00,11.475,NaN,9.435,4.835,4.694,-0.034,NaN,-2.426,0
1934/07/01,00:00,11.377,NaN,9.366,4.717,4.576,-0.214,NaN,-2.324,0
1934/08/01,00:00,11.177,NaN,9.136,4.615,4.474,-0.185,NaN,-2.226,0
1934/09/01,00:00,10.875,NaN,9.205,4.756,4.635,0.074,NaN,-1.924,0
1934/10/01,00:00,11.774,NaN,9.234,4.874,4.756,0.284,NaN,-1.225,0
1934/11/01,00:00,10.576,NaN,8.985,4.566,4.454,-0.063,NaN,-1.523,0
1934/12/01,00:00,11.574,NaN,8.936,4.546,4.435,-0.063,NaN,-2.124,0
1935/01/01,00:00,10.875,NaN,9.097,4.615,4.517,-0.073,NaN,-2.724,0
1935/02/01,00:00,11.675,NaN,8.936,4.385,4.274,-0.385,NaN,-2.626,0
1935/03/01,00:00,11.377,NaN,9.146,4.536,4.425,-0.293,NaN,-2.626,0
1935/04/01,00:00,10.776,NaN,9.566,4.927,4.776,-0.014,NaN,-2.626,0
1935/05/01,00:00,10.675,NaN,9.297,4.664,4.536,-0.214,NaN,-2.226,0
1935/06/01,00:00,11.275,NaN,9.415,4.884,4.756,0.094,NaN,-1.323,0
1935/07/01,00:00,10.977,NaN,9.244,4.736,4.595,-0.063,NaN,-2.324,0
1935/08/01,00:00,11.075,NaN,9.316,4.786,4.664,0.015,NaN,-2.324,0
1935/09/01,00:00,11.377,NaN,9.205,4.694,4.576,-0.063,NaN,-2.324,0
1935/10/01,00:00,11.177,NaN,9.116,4.625,4.526,-0.063,NaN,-2.426,0
1935/11/01,00:00,11.275,NaN,9.526,5.025,4.917,0.294,NaN,-2.124,0
1935/12/01,00:00,11.974,NaN,9.376,4.795,4.674,-0.034,NaN,-2.324,0
1936/01/01,00:00,11.177,NaN,9.297,4.694,4.576,-0.145,NaN,-2.826,0
1936/02/01,00:00,11.377,NaN,9.215,4.586,4.474,-0.264,NaN,-1.924,0
1936/03/01,00:00,11.574,NaN,9.307,4.727,4.586,-0.136,NaN,-2.724,0
1936/04/01,00:00,11.675,NaN,9.244,4.635,4.526,-0.195,NaN,-2.826,0
1936/05/01,00:00,11.075,NaN,9.166,4.615,4.484,-0.195,NaN,-2.724,0
1936/06/01,00:00,11.177,NaN,9.316,4.746,4.625,-0.063,NaN,-2.025,0
1936/07/01,00:00,10.977,NaN,9.395,4.894,4.766,0.137,NaN,-1.323,0
1936/08/01,00:00,10.776,NaN,9.274,4.694,4.566,-0.145,NaN,-1.924,0
1936/09/01,00:00,11.075,NaN,9.435,4.736,4.595,-0.254,NaN,-1.825,0
1936/10/01,00:00,12.374,NaN,9.556,4.727,4.615,-0.326,NaN,-2.626,0
1936/11/01,00:00,11.675,NaN,9.225,4.576,4.444,-0.336,NaN,-2.826,0
1936/12/01,00:00,10.977,NaN,9.087,4.376,4.254,-0.575,NaN,-3.325,0
1937/01/01,00:00,10.977,NaN,8.985,4.395,4.254,-0.474,NaN,-1.924,0
1937/02/01,00:00,11.774,NaN,9.536,4.927,4.795,0.055,NaN,-1.825,0
1937/03/01,00:00,11.876,NaN,9.175,4.536,4.425,-0.336,NaN,-2.324,0
1937/04/01,00:00,11.574,NaN,9.405,4.766,4.645,-0.126,NaN,-2.724,0
1937/05/01,00:00,11.675,NaN,9.435,4.864,4.707,-0.014,NaN,-2.626,0
1937/06/01,00:00,11.475,NaN,9.464,4.845,4.707,-0.063,NaN,-2.626,0
1937/07/01,00:00,11.675,NaN,9.576,4.894,4.736,-0.106,NaN,-2.025,0
1937/08/01,00:00,10.875,NaN,9.376,4.717,4.546,-0.273,NaN,-1.924,0
1937/09/01,00:00,10.776,NaN,9.526,4.815,4.684,-0.155,NaN,-2.025,0
1937/10/01,00:00,12.374,NaN,9.484,4.795,4.664,-0.155,NaN,-2.025,0
1937/11/01,00:00,12.574,NaN,9.474,4.795,4.684,-0.106,NaN,-2.324,0
1937/12/01,00:00,12.174,NaN,9.366,4.736,4.615,-0.136,NaN,-2.524,0
1938/01/01,00:00,12.574,NaN,9.395,4.805,4.674,-0.054,NaN,-2.025,0
1938/02/01,00:00,11.475,NaN,9.297,4.664,4.536,-0.234,NaN,-2.025,0
1938/03/01,00:00,11.774,NaN,9.494,4.795,4.674,-0.145,NaN,-2.124,0
1938/04/01,00:00,11.177,NaN,9.366,4.664,4.536,-0.283,NaN,-1.425,0
1938/05/01,00:00,11.377,NaN,9.645,4.874,4.756,-0.145,NaN,-2.426,0
1938/06/01,00:00,11.876,NaN,9.566,4.786,4.654,-0.264,NaN,-2.524,0
1938/07/01,00:00,11.774,NaN,9.586,4.756,4.615,-0.346,NaN,-2.324,0
1938/08/01,00:00,11.675,NaN,9.595,4.884,4.746,-0.106,NaN,-1.724,0
1938/09/01,00:00,11.075,NaN,9.484,4.786,4.654,-0.175,NaN,-1.924,0
1938/10/01,00:00,11.075,NaN,9.595,5.015,4.884,0.176,NaN,-1.625,0
1938/11/01,00:00,11.177,NaN,9.356,4.727,4.595,-0.155,NaN,-2.124,0
1938/12/01,00:00,11.974,NaN,9.376,4.756,4.645,-0.083,NaN,-2.724,0
1939/01/01,00:00,11.774,NaN,9.284,4.654,4.526,-0.234,NaN,-2.524,0
1939/02/01,00:00,11.974,NaN,9.297,4.526,4.405,-0.493,NaN,-2.826,0
1939/03/01,00:00,11.876,NaN,9.435,4.674,4.546,-0.355,NaN,-3.124,0
1939/04/01,00:00,12.676,NaN,9.625,4.805,4.664,-0.306,NaN,-2.124,0
1939/05/01,00:00,11.574,NaN,9.674,4.917,4.756,-0.165,NaN,-1.625,0
1939/06/01,00:00,11.177,NaN,9.674,4.966,4.805,-0.063,NaN,-1.924,0
1939/07/01,00:00,11.774,NaN,9.576,4.874,4.727,-0.116,NaN,-2.124,0
1939/08/01,00:00,11.675,NaN,9.566,4.884,4.727,-0.106,NaN,-2.324,0
1939/09/01,00:00,11.075,NaN,9.576,4.904,4.776,-0.024,NaN,-2.426,0
1939/10/01,00:00,11.574,NaN,9.546,4.874,4.776,0.005,NaN,-2.025,0
1939/11/01,00:00,10.977,NaN,9.454,4.786,4.664,-0.126,NaN,-2.626,0
1939/12/01,00:00,11.774,NaN,9.635,4.835,4.694,-0.244,NaN,-2.124,0
1940/01/01,00:00,11.876,NaN,9.405,4.635,4.494,-0.414,NaN,-2.524,0
1940/02/01,00:00,11.675,NaN,9.795,4.996,4.864,-0.073,NaN,-2.626,0
1940/03/01,00:00,11.377,NaN,9.385,4.674,4.517,-0.346,NaN,-3.725,0
1940/04/01,00:00,13.575,NaN,9.566,4.825,4.645,-0.273,NaN,-2.025,0
1940/05/01,00:00,11.675,NaN,9.664,5.035,4.855,0.045,NaN,-1.924,0
1940/06/01,00:00,11.377,NaN,9.605,4.976,4.815,0.025,NaN,-1.523,0
1940/07/01,00:00,10.776,NaN,9.425,4.825,4.664,-0.096,NaN,-1.724,0
1940/08/01,00:00,11.075,NaN,9.395,4.727,4.566,-0.254,NaN,-2.025,0
1940/09/01,00:00,11.475,NaN,9.625,4.815,4.664,-0.293,NaN,-2.025,0
1940/10/01,00:00,12.374,NaN,9.746,4.855,4.727,-0.293,NaN,-2.226,0
1940/11/01,00:00,11.876,NaN,9.425,4.736,4.595,-0.234,NaN,-2.724,0
1940/12/01,00:00,12.174,NaN,9.484,4.746,4.625,-0.224,NaN,-2.124,0
1941/01/01,00:00,11.574,NaN,9.556,4.864,4.746,-0.073,NaN,-1.825,0
1941/02/01,00:00,11.475,NaN,9.415,4.727,4.586,-0.234,NaN,-1.924,0
1941/03/01,00:00,11.177,NaN,9.405,4.736,4.586,-0.234,NaN,-2.226,0
1941/04/01,00:00,11.574,NaN,9.444,4.805,4.645,-0.155,NaN,-2.924,0
1941/05/01,00:00,12.076,NaN,9.576,4.946,4.786,-0.014,NaN,-2.226,0
1941/06/01,00:00,11.876,NaN,9.684,4.996,4.845,0.005,NaN,-2.124,0
1941/07/01,00:00,11.574,NaN,9.645,4.894,4.727,-0.195,NaN,-1.825,0
1941/08/01,00:00,11.177,NaN,9.654,4.937,4.756,-0.145,NaN,-1.523,0
1941/09/01,00:00,11.275,NaN,9.536,4.864,4.707,-0.136,NaN,-1.825,0
1941/10/01,00:00,11.774,NaN,9.464,4.815,4.674,-0.116,NaN,-2.025,0
1941/11/01,00:00,11.675,NaN,9.395,4.776,4.645,-0.116,NaN,-2.626,0
1941/12/01,00:00,11.974,NaN,9.395,4.776,4.645,-0.106,NaN,-2.524,0
1942/01/01,00:00,11.075,NaN,9.244,4.635,4.517,-0.214,NaN,-3.226,0
1942/02/01,00:00,11.475,NaN,9.444,4.835,4.707,-0.034,NaN,-2.025,0
1942/03/01,00:00,12.174,NaN,9.684,4.917,4.786,-0.126,NaN,-2.226,0
1942/04/01,00:00,11.377,NaN,9.615,4.884,4.736,-0.145,NaN,-2.124,0
1942/05/01,00:00,11.974,NaN,9.664,4.884,4.717,-0.234,NaN,-2.226,0
1942/06/01,00:00,11.774,NaN,9.766,5.025,4.864,-0.034,NaN,-2.524,0
1942/07/01,00:00,11.675,NaN,9.684,4.917,4.766,-0.155,NaN,-2.226,0
1942/08/01,00:00,11.177,NaN,9.645,4.937,4.776,-0.096,NaN,-2.124,0
1942/09/01,00:00,11.475,NaN,9.717,5.045,4.884,0.065,NaN,-1.225,0
1942/10/01,00:00,10.776,NaN,9.425,4.927,4.786,0.137,NaN,-1.724,0
1942/11/01,00:00,11.574,NaN,9.454,4.917,4.786,0.104,NaN,-1.924,0
1942/12/01,00:00,11.974,NaN,9.385,4.756,4.615,-0.155,NaN,-2.826,0
1943/01/01,00:00,11.475,NaN,9.297,4.625,4.507,-0.283,NaN,-3.226,0
1943/02/01,00:00,12.076,NaN,9.494,4.684,4.556,-0.375,NaN,-2.324,0
1943/03/01,00:00,11.475,NaN,9.307,4.536,4.385,-0.536,NaN,-2.724,0
1943/04/01,00:00,11.177,NaN,9.517,4.727,4.586,-0.346,NaN,-1.924,0
1943/05/01,00:00,11.675,NaN,9.494,4.756,4.586,-0.326,NaN,-1.924,0
1943/06/01,00:00,11.675,NaN,9.605,4.927,4.776,-0.054,NaN,-2.124,0
1943/07/01,00:00,11.974,NaN,9.586,4.927,4.776,-0.034,NaN,-2.226,0
1943/08/01,00:00,12.174,NaN,9.674,4.986,4.835,0.005,NaN,-2.025,0
1943/09/01,00:00,11.574,NaN,9.645,4.966,4.835,0.015,NaN,-2.124,0
1943/10/01,00:00,11.377,NaN,9.855,5.215,5.074,0.304,NaN,-1.825,0
1943/11/01,00:00,11.675,NaN,9.674,5.025,4.904,0.127,NaN,-1.523,0
1943/12/01,00:00,11.774,NaN,9.215,4.546,4.415,-0.395,NaN,-2.426,0
1944/01/01,00:00,11.574,NaN,9.395,4.707,4.566,-0.254,NaN,-2.626,0
1944/02/01,00:00,12.174,NaN,9.284,4.605,4.464,-0.365,NaN,-2.626,0
1944/03/01,00:00,11.275,NaN,9.244,4.615,4.435,-0.375,NaN,-2.524,0
1944/04/01,00:00,11.675,NaN,9.415,4.786,4.635,-0.155,NaN,-2.226,0
1944/05/01,00:00,11.177,NaN,9.225,4.746,4.595,-0.044,NaN,-1.625,0
1944/06/01,00:00,11.675,NaN,9.576,5.045,4.894,0.215,NaN,-1.625,0
1944/07/01,00:00,11.075,NaN,9.507,4.956,4.786,0.065,NaN,-1.724,0
1944/08/01,00:00,11.675,NaN,9.566,4.946,4.795,0.025,NaN,-1.825,0
1944/09/01,00:00,11.774,NaN,9.684,4.937,4.776,-0.136,NaN,-1.825,0
1944/10/01,00:00,11.574,NaN,9.707,4.956,4.815,-0.073,NaN,-2.324,0
1944/11/01,00:00,13.477,NaN,10.074,5.376,5.235,0.386,NaN,-2.924,0
1944/12/01,00:00,11.275,NaN,9.425,4.727,4.576,-0.283,NaN,-3.026,0
1945/01/01,00:00,NaN,NaN,9.526,4.855,4.717,-0.096,NaN,NaN,0
1945/02/01,00:00,NaN,NaN,9.444,4.795,4.645,-0.155,NaN,NaN,0
1945/03/01,00:00,NaN,NaN,9.615,4.986,4.815,0.015,NaN,NaN,0
1945/04/01,00:00,NaN,NaN,9.474,4.927,4.766,0.055,NaN,NaN,0
1945/05/01,00:00,11.876,NaN,9.766,5.186,5.035,0.304,NaN,-2.426,0
1945/06/01,00:00,11.574,NaN,9.727,5.147,4.996,0.274,NaN,-1.924,0
1945/07/01,00:00,11.275,NaN,9.635,4.986,4.815,-0.004,NaN,-1.425,0
1945/08/01,00:00,11.377,NaN,9.615,5.005,4.855,0.104,NaN,-1.425,0
1945/09/01,00:00,11.075,NaN,9.517,4.976,4.825,0.137,NaN,-2.025,0
1945/10/01,00:00,11.876,NaN,9.517,5.015,4.884,0.255,NaN,-2.025,0
1945/11/01,00:00,12.476,NaN,9.786,5.294,5.166,0.547,NaN,-2.626,0
1945/12/01,00:00,12.574,NaN,9.815,5.274,5.147,0.475,NaN,-2.626,0
1946/01/01,00:00,12.276,NaN,9.274,4.786,4.664,0.055,NaN,-1.724,0
1946/02/01,00:00,11.177,NaN,9.356,4.835,4.717,0.074,NaN,-1.924,0
1946/03/01,00:00,10.475,NaN,9.425,4.874,4.756,0.084,NaN,-1.625,0
1946/04/01,00:00,11.876,NaN,9.625,5.045,4.946,0.265,NaN,-1.323,0
1946/05/01,00:00,12.374,NaN,9.684,4.976,4.864,0.045,NaN,-2.324,0
1946/06/01,00:00,11.876,NaN,9.526,4.927,4.776,0.035,NaN,-2.226,0
1946/07/01,00:00,11.275,NaN,9.517,4.884,4.756,-0.004,NaN,-2.025,0
1946/08/01,00:00,11.275,NaN,9.674,5.114,4.996,0.324,NaN,-1.025,0
1946/09/01,00:00,10.776,NaN,9.415,4.966,4.855,0.294,NaN,-0.825,0
1946/10/01,00:00,11.377,NaN,9.336,4.996,4.874,0.406,NaN,-1.625,0
1946/11/01,00:00,12.174,NaN,9.346,4.956,4.845,0.347,NaN,-1.425,0
1946/12/01,00:00,12.276,NaN,9.234,4.786,4.694,0.166,NaN,-2.025,0
1947/01/01,00:00,11.574,NaN,9.244,4.717,4.595,-0.054,NaN,-2.524,0
1947/02/01,00:00,12.174,NaN,9.615,4.956,4.864,0.114,NaN,-1.825,0
1947/03/01,00:00,11.876,NaN,9.736,5.094,4.966,0.186,NaN,-1.724,0
1947/04/01,00:00,11.177,NaN,9.376,4.805,4.654,-0.063,NaN,-1.825,0
1947/05/01,00:00,11.574,NaN,9.586,5.015,4.864,0.156,NaN,-1.924,0
1947/06/01,00:00,11.974,NaN,9.664,5.127,4.986,0.304,NaN,-2.025,0
1947/07/01,00:00,11.974,NaN,9.484,5.015,4.884,0.284,NaN,-2.025,0
1947/08/01,00:00,11.876,NaN,9.405,4.956,4.825,0.255,NaN,-1.825,0
1947/09/01,00:00,11.377,NaN,9.336,4.927,4.776,0.215,NaN,-1.425,0
1947/10/01,00:00,12.174,NaN,9.254,4.835,4.727,0.186,NaN,-1.425,0
1947/11/01,00:00,12.876,NaN,9.835,5.314,5.196,0.557,NaN,-2.025,0
1947/12/01,00:00,12.174,NaN,9.307,4.776,4.645,-0.014,NaN,-2.826,0
1948/01/01,00:00,12.476,NaN,9.376,4.776,4.625,-0.126,NaN,-2.924,0
1948/02/01,00:00,11.475,NaN,9.254,4.756,4.566,-0.126,NaN,-2.626,0
1948/03/01,00:00,11.475,NaN,9.376,4.855,4.717,0.065,NaN,-2.426,0
1948/04/01,00:00,10.875,NaN,9.205,4.805,4.654,0.104,NaN,-1.825,0
1948/05/01,00:00,11.475,NaN,9.444,5.104,4.937,0.435,NaN,-1.225,0
1948/06/01,00:00,11.675,NaN,9.566,5.186,5.015,0.475,NaN,-0.926,0
1948/07/01,00:00,12.174,NaN,9.566,5.166,5.035,0.494,NaN,-1.625,0
1948/08/01,00:00,11.876,NaN,9.474,5.015,4.874,0.265,NaN,-1.924,0
1948/09/01,00:00,11.574,NaN,9.484,4.976,4.835,0.186,NaN,-2.124,0
1948/10/01,00:00,11.275,NaN,9.694,5.186,5.045,0.396,NaN,-1.724,0
1948/11/01,00:00,11.574,NaN,9.425,5.005,4.874,0.314,NaN,-1.724,0
1948/12/01,00:00,12.276,NaN,9.435,5.074,4.937,0.425,NaN,-1.323,0
1949/01/01,00:00,11.275,NaN,9.205,4.815,4.664,0.127,NaN,-1.924,0
1949/02/01,00:00,11.774,NaN,9.044,4.727,4.566,0.074,NaN,-2.226,0
1949/03/01,00:00,11.377,NaN,9.146,4.727,4.586,0.025,NaN,-2.524,0
1949/04/01,00:00,11.876,NaN,9.316,4.917,4.756,0.196,NaN,-2.124,0
1949/05/01,00:00,11.675,NaN,9.244,4.904,4.746,0.245,NaN,-1.924,0
1949/06/01,00:00,10.776,NaN,9.225,4.795,4.645,0.065,NaN,-2.025,0
1949/07/01,00:00,10.776,NaN,9.395,4.904,4.727,0.065,NaN,-1.425,0
1949/08/01,00:00,11.177,NaN,9.444,4.996,4.805,0.166,NaN,-1.825,0
1949/09/01,00:00,11.177,NaN,9.274,4.825,4.684,0.094,NaN,-2.025,0
1949/10/01,00:00,11.974,NaN,9.225,4.874,4.746,0.255,NaN,-2.226,0
1949/11/01,00:00,11.774,NaN,9.415,5.015,4.884,0.347,NaN,-2.226,0
1949/12/01,00:00,11.177,NaN,8.805,4.464,4.336,-0.136,NaN,-2.124,0
1950/01/01,00:00,11.075,NaN,8.897,4.536,4.425,-0.044,NaN,-2.724,0
1950/02/01,00:00,10.875,NaN,9.074,4.694,4.556,0.035,NaN,-1.924,0
1950/03/01,00:00,11.275,NaN,8.887,4.454,4.307,-0.273,NaN,-2.524,0
1950/04/01,00:00,11.774,NaN,9.346,4.776,4.595,-0.155,NaN,-2.626,0
1950/05/01,00:00,11.475,NaN,9.195,4.586,4.425,-0.346,NaN,-3.026,0
1950/06/01,00:00,11.475,NaN,9.225,4.736,4.595,-0.044,NaN,-2.324,0
1950/07/01,00:00,11.275,NaN,9.366,4.845,4.694,0.015,NaN,-1.724,0
1950/08/01,00:00,10.776,NaN,9.415,4.894,4.736,0.045,NaN,-1.323,0
1950/09/01,00:00,12.574,NaN,9.625,5.094,4.937,0.235,NaN,-1.523,0
1950/10/01,00:00,12.076,NaN,9.415,4.986,4.835,0.255,NaN,-2.124,0
1950/11/01,00:00,11.974,NaN,9.645,5.215,5.065,0.484,NaN,-2.324,0
1950/12/01,00:00,12.574,NaN,9.556,5.065,4.904,0.255,NaN,-1.825,0
1951/01/01,00:00,12.174,NaN,9.336,4.845,4.694,0.045,NaN,-2.124,0
1951/02/01,00:00,11.675,NaN,9.356,4.776,4.635,-0.096,NaN,-2.524,0
1951/03/01,00:00,11.275,NaN,9.795,5.166,5.045,0.294,NaN,-1.924,0
1951/04/01,00:00,11.275,NaN,9.605,4.996,4.874,0.137,NaN,-2.626,0
1951/05/01,00:00,12.276,NaN,9.707,5.196,4.996,0.294,NaN,-1.825,0
1951/06/01,00:00,11.974,NaN,9.645,5.166,4.996,0.347,NaN,-2.124,0
1951/07/01,00:00,11.974,NaN,9.366,4.986,4.805,0.245,NaN,-1.924,0
1951/08/01,00:00,11.974,NaN,9.425,5.045,4.874,0.314,NaN,-1.523,0
1951/09/01,00:00,10.977,NaN,9.376,4.996,4.835,0.284,NaN,-1.225,0
1951/10/01,00:00,11.574,NaN,9.556,5.065,4.937,0.304,NaN,-1.625,0
1951/11/01,00:00,12.174,NaN,9.464,5.025,4.874,0.284,NaN,-1.724,0
1951/12/01,00:00,11.974,NaN,9.395,4.825,4.674,-0.054,NaN,-2.124,0
1952/01/01,00:00,12.276,NaN,9.546,4.874,4.786,0.025,NaN,-2.724,0
1952/02/01,00:00,12.876,NaN,9.605,5.035,4.927,0.245,NaN,-2.025,0
1952/03/01,00:00,11.275,NaN,9.615,5.025,4.904,0.196,NaN,-1.724,0
1952/04/01,00:00,10.776,NaN,9.444,4.904,4.795,0.137,NaN,-1.825,0
1952/05/01,00:00,11.974,NaN,9.684,5.225,5.114,0.547,NaN,-0.926,0
1952/06/01,00:00,11.876,NaN,9.536,5.005,4.874,0.206,NaN,-1.625,0
1952/07/01,00:00,11.475,NaN,9.366,4.864,4.727,0.084,NaN,-2.226,0
1952/08/01,00:00,11.574,NaN,9.366,4.855,4.756,0.137,NaN,-2.124,0
1952/09/01,00:00,11.377,NaN,9.484,4.917,4.795,0.104,NaN,-2.226,0
1952/10/01,00:00,11.574,NaN,9.405,4.805,4.707,0.005,NaN,-2.524,0
1952/11/01,00:00,11.177,NaN,9.517,4.927,4.835,0.147,NaN,-1.625,0
1952/12/01,00:00,11.275,NaN,9.595,5.035,4.956,0.314,NaN,-1.924,0
1953/01/01,00:00,11.574,NaN,9.605,5.065,4.956,0.304,NaN,-2.524,0
1953/02/01,00:00,12.374,NaN,9.264,4.717,4.605,-0.054,NaN,-2.826,0
1953/03/01,00:00,11.774,NaN,9.526,4.946,4.845,0.156,NaN,-2.524,0
1953/04/01,00:00,12.774,NaN,9.694,5.074,4.986,0.274,NaN,-2.124,0
1953/05/01,00:00,11.574,NaN,9.717,5.127,5.025,0.324,NaN,-1.523,0
1953/06/01,00:00,11.075,NaN,9.605,4.966,4.855,0.104,NaN,-1.523,0
1953/07/01,00:00,11.275,NaN,9.566,4.904,4.776,-0.014,NaN,-1.625,0
1953/08/01,00:00,11.377,NaN,9.576,4.976,4.874,0.176,NaN,-2.025,0
1953/09/01,00:00,11.377,NaN,9.576,4.884,4.776,-0.024,NaN,-2.826,0
1953/10/01,00:00,12.774,NaN,9.566,4.986,4.884,0.206,NaN,-1.825,0
1953/11/01,00:00,12.076,NaN,9.595,5.005,4.904,0.215,NaN,-2.025,0
1953/12/01,00:00,11.475,NaN,9.284,4.776,4.684,0.074,NaN,-1.724,0
1954/01/01,00:00,12.076,NaN,9.356,4.894,4.815,0.265,NaN,-1.825,0
1954/02/01,00:00,11.774,NaN,9.566,4.956,4.874,0.186,NaN,-1.523,0
1954/03/01,00:00,11.075,NaN,9.435,4.874,4.795,0.147,NaN,-2.324,0
1954/04/01,00:00,10.977,NaN,9.326,4.645,4.566,-0.195,NaN,-3.026,0
1954/05/01,00:00,12.174,NaN,9.845,5.084,5.005,0.166,NaN,-2.025,0
1954/06/01,00:00,11.774,NaN,9.625,5.074,4.917,0.206,NaN,-2.226,0
1954/07/01,00:00,11.075,NaN,9.586,4.956,4.855,0.114,NaN,-1.724,0
1954/08/01,00:00,12.876,NaN,9.615,4.996,4.884,0.156,NaN,-1.523,0
1954/09/01,00:00,11.475,NaN,9.694,4.966,4.855,0.025,NaN,-2.025,0
1954/10/01,00:00,11.974,NaN,9.694,5.084,4.976,0.245,NaN,-2.226,0
1954/11/01,00:00,11.475,NaN,9.605,4.966,4.855,0.114,NaN,-3.226,0
1954/12/01,00:00,11.974,NaN,9.576,4.884,4.776,-0.024,NaN,-2.826,0
1955/01/01,00:00,11.774,NaN,9.694,5.025,4.904,0.114,NaN,-2.426,0
1955/02/01,00:00,11.275,NaN,9.395,4.684,4.566,-0.264,NaN,-1.924,0
1955/03/01,00:00,12.276,NaN,9.425,4.776,4.664,-0.096,NaN,-1.825,0
1955/04/01,00:00,12.676,NaN,9.946,5.186,5.065,0.186,NaN,-1.724,0
1955/05/01,00:00,11.774,NaN,9.684,5.015,4.884,0.084,NaN,-2.626,0
1955/06/01,00:00,12.276,NaN,9.766,5.114,4.986,0.206,NaN,-1.924,0
1955/07/01,00:00,11.774,NaN,9.517,4.917,4.825,0.137,NaN,-2.124,0
1955/08/01,00:00,11.377,NaN,9.707,5.094,4.976,0.255,NaN,-1.724,0
1955/09/01,00:00,10.576,NaN,9.454,4.825,4.717,-0.034,NaN,-1.425,0
1955/10/01,00:00,12.076,NaN,9.845,5.147,5.055,0.274,NaN,-1.625,0
1955/11/01,00:00,12.276,NaN,9.795,5.094,4.996,0.196,NaN,-3.623,0
1955/12/01,00:00,11.974,NaN,9.435,4.625,4.536,-0.365,NaN,-2.724,0
1956/01/01,00:00,11.675,NaN,9.966,5.137,5.015,0.055,NaN,-2.826,0
1956/02/01,00:00,11.675,NaN,9.395,4.717,4.595,-0.205,NaN,-3.124,0
1956/03/01,00:00,13.276,NaN,9.727,4.986,4.894,0.055,NaN,-1.724,0
1956/04/01,00:00,11.675,NaN,9.707,4.996,4.874,0.055,NaN,-1.825,0
1956/05/01,00:00,11.574,9.776,9.376,4.786,4.654,-0.073,-0.483,-1.924,0
1956/06/01,00:00,12.076,NaN,9.694,5.025,4.917,0.147,NaN,-1.724,0
1956/07/01,00:00,12.174,NaN,9.707,4.986,4.855,0.015,NaN,-1.924,0
1956/08/01,00:00,12.276,10.324,9.835,5.104,4.976,0.104,-0.145,-1.825,0
1956/09/01,00:00,11.377,10.206,9.815,5.045,4.966,0.114,-0.116,-1.924,0
1956/10/01,00:00,11.475,9.976,9.654,4.937,4.825,-0.004,-0.273,-1.724,0
1956/11/01,00:00,11.575,NaN,9.755,4.995,4.935,0.125,NaN,-1.725,1
1956/12/01,00:00,11.377,NaN,9.635,4.894,4.835,0.035,NaN,-2.626,0
1957/01/01,00:00,12.174,NaN,9.254,4.556,4.484,-0.283,NaN,-3.124,0
1957/02/01,00:00,12.276,NaN,9.405,4.684,4.586,-0.234,NaN,-2.524,0
1957/03/01,00:00,11.377,NaN,9.635,4.956,4.855,0.065,NaN,-2.524,0
1957/04/01,00:00,11.177,NaN,9.366,4.654,4.556,-0.254,NaN,-2.426,0
1957/05/01,00:00,11.177,NaN,9.635,4.946,4.835,0.035,NaN,-1.825,0
1957/06/01,00:00,11.774,NaN,9.645,4.937,4.815,-0.004,NaN,-1.625,0
1957/07/01,00:00,11.675,NaN,9.855,4.986,4.874,-0.106,NaN,-2.124,0
1957/08/01,00:00,11.675,NaN,9.674,4.874,4.766,-0.145,NaN,-2.226,0
1957/09/01,00:00,11.774,NaN,9.556,4.815,4.707,-0.145,NaN,-2.226,0
1957/10/01,00:00,11.974,NaN,9.615,5.005,4.894,0.186,NaN,-2.426,0
1957/11/01,00:00,11.574,NaN,9.615,4.996,4.894,0.176,NaN,-2.025,0
1957/12/01,00:00,11.475,NaN,9.326,4.736,4.586,-0.155,NaN,-1.924,0
1958/01/01,00:00,12.174,NaN,9.966,5.245,5.104,0.255,NaN,-1.724,0
1958/02/01,00:00,12.574,NaN,9.894,5.114,5.005,0.114,NaN,-2.025,0
1958/03/01,00:00,12.174,NaN,10.284,5.504,5.406,0.514,NaN,-2.124,0
1958/04/01,00:00,13.175,NaN,10.166,5.284,5.147,0.127,NaN,-2.426,0
1958/05/01,00:00,11.675,NaN,9.845,4.937,4.795,-0.254,NaN,-2.826,0
1958/06/01,00:00,11.675,NaN,9.894,4.986,4.864,-0.155,NaN,-2.025,0
1958/07/01,00:00,11.275,NaN,9.825,5.015,4.864,-0.083,NaN,-1.625,0
1958/08/01,00:00,11.574,NaN,9.707,4.956,4.825,-0.054,NaN,-1.425,0
1958/09/01,00:00,11.774,NaN,9.835,5.055,4.946,0.065,NaN,-2.226,0
1958/10/01,00:00,11.774,NaN,9.855,5.137,5.065,0.274,NaN,-2.626,0
1958/11/01,00:00,12.574,NaN,9.635,4.976,4.874,0.114,NaN,-2.626,0
1958/12/01,00:00,12.276,NaN,9.484,4.717,4.635,-0.214,NaN,-2.924,0
1959/01/01,00:00,11.574,NaN,9.576,4.746,4.654,-0.264,NaN,-2.025,0
1959/02/01,00:00,11.574,NaN,9.307,4.507,4.415,-0.464,NaN,-2.226,0
1959/03/01,00:00,12.774,NaN,9.625,4.746,4.645,-0.336,NaN,-2.324,0
1959/04/01,00:00,12.076,NaN,9.776,4.894,4.766,-0.244,NaN,-2.626,0
1959/05/01,00:00,11.774,NaN,9.474,4.756,4.615,-0.254,NaN,-2.724,0
1959/06/01,00:00,11.974,NaN,9.694,4.986,4.874,0.045,NaN,-2.025,0
1959/07/01,00:00,11.574,NaN,9.385,4.707,4.635,-0.116,NaN,-1.825,0
1959/08/01,00:00,11.275,NaN,9.625,4.986,4.855,0.084,NaN,-1.523,0
1959/09/01,00:00,10.776,NaN,9.546,4.937,4.795,0.045,NaN,-1.225,0
1959/10/01,00:00,11.377,NaN,9.805,5.055,4.956,0.104,NaN,-1.724,0
1959/11/01,00:00,12.276,NaN,9.654,4.845,4.717,-0.234,NaN,-2.626,0
1959/12/01,00:00,13.975,NaN,9.815,4.937,4.825,-0.165,NaN,-2.626,0
1960/01/01,00:00,11.974,10.324,9.874,5.035,4.937,-0.004,-0.293,-2.226,0
1960/02/01,00:00,12.455,10.475,10.025,5.265,5.166,0.304,0.065,-2.245,0
1960/03/01,00:00,12.855,10.337,10.015,5.166,5.094,0.176,-0.063,-1.845,0
1960/04/01,00:00,11.455,10.114,9.815,5.045,4.986,0.156,-0.136,-2.045,0
1960/05/01,00:00,12.155,10.314,9.937,5.206,5.166,0.396,0.055,-1.745,0
1960/06/01,00:00,12.355,10.337,9.927,5.225,5.114,0.314,-0.044,-1.845,0
1960/07/01,00:00,11.855,10.304,9.884,5.104,5.015,0.137,-0.155,-2.345,0
1960/08/01,00:00,11.855,10.284,9.864,5.127,4.986,0.104,-0.116,-2.245,0
1960/09/01,00:00,11.555,10.265,9.884,5.084,4.966,0.045,-0.205,-1.445,0
1960/10/01,00:00,11.855,10.114,9.956,5.147,5.094,0.225,-0.083,-1.345,0
1960/11/01,00:00,11.755,10.137,9.736,4.976,4.884,0.035,-0.306,-1.845,0
1960/12/01,00:00,12.855,10.084,9.615,4.835,4.694,-0.234,-0.595,-2.445,0
1961/01/01,00:00,13.555,10.137,9.595,4.835,4.756,-0.073,-0.385,-3.045,0
1961/02/01,00:00,12.055,10.265,9.825,4.956,4.855,-0.116,-0.326,-2.745,0
1961/03/01,00:00,12.055,10.294,9.946,5.137,5.035,0.114,-0.106,-2.145,0
1961/04/01,00:00,12.755,10.504,10.186,5.425,5.294,0.396,0.127,-1.345,0
1961/05/01,00:00,11.355,10.284,9.904,5.104,4.996,0.074,-0.264,-1.945,0
1961/06/01,00:00,11.555,10.245,9.786,5.005,4.855,-0.083,-0.454,-2.145,0
1961/07/01,00:00,12.055,10.337,9.946,5.074,4.946,-0.054,-0.375,-2.045,0
1961/08/01,00:00,11.755,10.065,9.717,4.956,4.815,-0.083,-0.293,-2.245,0
1961/09/01,00:00,12.055,NaN,9.855,5.055,4.937,0.015,NaN,-1.645,0
1961/10/01,00:00,12.855,10.225,9.937,5.255,5.147,0.357,0.065,-1.445,0
1961/11/01,00:00,11.755,10.137,9.825,5.176,5.055,0.274,-0.083,-1.045,0
1961/12/01,00:00,11.755,10.055,9.605,5.025,4.937,0.274,-0.034,-1.545,0
1962/01/01,00:00,11.255,9.615,9.156,4.566,4.454,-0.254,-0.536,-2.145,0
1962/02/01,00:00,12.155,10.127,9.717,4.835,4.845,-0.024,-0.385,-2.145,0
1962/03/01,00:00,13.155,10.324,9.986,5.225,5.094,0.215,-0.014,-2.345,0
1962/04/01,00:00,11.355,9.976,9.684,4.884,4.776,-0.145,-0.536,-2.845,0
1962/05/01,00:00,11.855,10.166,9.855,4.996,4.864,-0.126,-0.516,-1.945,0
1962/06/01,00:00,11.455,10.235,9.805,5.045,4.937,0.065,-0.336,-1.845,0
1962/07/01,00:00,11.455,10.245,9.825,5.074,4.976,0.114,-0.273,-1.445,0
1962/08/01,00:00,11.855,10.084,9.717,5.055,4.937,0.147,-0.155,-1.845,0
1962/09/01,00:00,11.455,10.127,9.756,5.094,4.986,0.215,-0.034,-1.945,0
1962/10/01,00:00,12.055,10.324,9.917,5.215,5.137,0.347,-0.034,-2.345,0
1962/11/01,00:00,12.655,10.357,9.946,5.114,5.055,0.166,-0.273,-1.845,0
1962/12/01,00:00,11.955,10.406,9.855,5.045,5.005,0.156,-0.316,-2.445,0
1963/01/01,00:00,12.465,10.104,9.595,4.815,4.717,-0.165,-0.516,-2.735,0
1963/02/01,00:00,11.265,9.795,9.316,4.566,4.464,-0.385,-0.644,-2.635,0
1963/03/01,00:00,11.665,10.094,9.654,4.864,4.756,-0.145,-0.493,-2.335,0
1963/04/01,00:00,12.365,10.127,9.736,4.966,4.874,0.005,-0.395,-2.535,0
1963/05/01,00:00,11.465,9.917,9.536,4.864,4.746,-0.044,-0.414,-2.635,0
1963/06/01,00:00,11.765,10.084,9.635,4.966,4.864,0.094,-0.306,-2.235,0
1963/07/01,00:00,11.765,10.137,9.694,5.045,4.937,0.186,-0.155,-1.235,0
1963/08/01,00:00,10.765,10.025,9.566,4.986,4.864,0.166,-0.116,-1.435,0
1963/09/01,00:00,11.765,10.065,9.664,5.055,4.956,0.245,0.015,-1.235,0
1963/10/01,00:00,11.365,9.996,9.664,5.005,4.874,0.084,-0.224,-2.035,0
1963/11/01,00:00,12.965,10.557,10.156,5.324,5.215,0.265,-0.096,-2.935,0
1963/12/01,00:00,12.365,10.156,9.664,4.805,4.736,-0.185,-0.595,-3.435,0
1964/01/01,00:00,11.965,10.265,9.746,4.976,4.874,0.005,-0.273,-1.935,0
1964/02/01,00:00,12.465,10.166,9.645,4.956,4.864,0.084,-0.316,-1.735,0
1964/03/01,00:00,11.265,10.045,9.654,4.976,4.884,0.094,-0.205,-2.135,0
1964/04/01,00:00,11.165,9.586,9.274,4.635,4.526,-0.224,-0.595,-2.535,0
1964/05/01,00:00,11.965,9.927,9.526,4.966,4.845,0.176,-0.234,-2.135,0
1964/06/01,00:00,12.265,10.084,9.615,4.956,4.825,0.045,-0.385,-2.535,0
1964/07/01,00:00,11.965,10.084,9.635,4.946,4.825,0.015,-0.326,-2.035,0
1964/08/01,00:00,11.665,10.215,9.756,5.015,4.884,0.015,-0.264,-1.935,0
1964/09/01,00:00,11.465,10.156,9.776,5.025,4.904,0.025,-0.273,-1.435,0
1964/10/01,00:00,11.165,10.104,9.746,5.084,4.917,0.084,-0.254,-1.635,0
1964/11/01,00:00,12.365,10.156,9.736,5.114,4.996,0.255,-0.136,-2.135,0
1964/12/01,00:00,12.165,10.065,9.556,4.845,4.786,0.005,-0.395,-2.935,0
1965/01/01,00:00,12.165,9.976,9.444,4.855,4.795,0.147,-0.214,-3.035,0
1965/02/01,00:00,11.565,9.956,9.454,4.884,4.756,0.065,-0.254,-2.535,0
1965/03/01,00:00,11.165,9.805,9.415,4.845,4.727,0.035,-0.185,-1.635,0
1965/04/01,00:00,11.065,9.976,9.615,5.005,4.894,0.186,-0.145,-1.435,0
1965/05/01,00:00,11.565,10.055,9.615,4.986,4.864,0.104,-0.283,-1.535,0
1965/06/01,00:00,11.865,10.166,9.665,5.065,4.904,0.156,-0.264,-1.735,0
1965/07/01,00:00,12.265,10.324,9.805,4.996,4.904,-0.004,-0.375,-2.135,0
1965/08/01,00:00,11.765,10.005,9.575,4.927,4.746,-0.073,-0.346,-2.235,0
1965/09/01,00:00,11.665,9.874,9.495,4.894,4.805,0.114,-0.106,-1.435,0
1965/10/01,00:00,11.765,9.937,9.565,5.055,4.976,0.396,0.074,-1.235,0
1965/11/01,00:00,11.465,9.946,9.535,5.055,4.946,0.357,-0.024,-1.135,0
1965/12/01,00:00,11.265,9.825,9.395,4.956,4.855,0.314,-0.063,-1.635,0
1966/01/01,00:00,12.565,10.215,9.674,5.166,5.055,0.445,0.035,-1.735,0
1966/02/01,00:00,12.565,10.137,9.654,4.927,4.825,-0.004,-0.316,-2.435,0
1966/03/01,00:00,12.465,9.976,9.566,4.986,4.855,0.156,-0.083,-2.335,0
1966/04/01,00:00,11.565,9.904,9.576,4.986,4.855,0.137,-0.234,-1.935,0
1966/05/01,00:00,10.975,9.946,9.595,4.946,4.835,0.065,-0.355,-2.035,0
1966/06/01,00:00,11.065,10.166,9.664,4.986,4.874,0.074,-0.375,-1.535,0
1966/07/01,00:00,12.065,10.265,9.766,5.127,5.005,0.245,-0.155,-1.635,0
1966/08/01,00:00,11.765,10.055,9.615,5.015,4.917,0.215,-0.126,-1.935,0
1966/09/01,00:00,11.865,10.147,9.766,5.156,5.055,0.337,0.025,-1.835,0
1966/10/01,00:00,11.365,9.845,9.405,4.884,4.786,0.166,-0.205,-2.335,0
1966/11/01,00:00,11.365,9.966,9.474,4.917,4.825,0.156,-0.293,-2.235,0
1966/12/01,00:00,12.065,9.966,9.385,4.864,4.776,0.176,-0.346,-2.335,0
1967/01/01,00:00,12.375,10.205,9.684,5.005,4.904,0.114,-0.245,-1.225,0
1967/02/01,00:00,11.575,9.975,9.395,4.825,4.727,0.045,-0.265,-2.625,0
1967/03/01,00:00,11.775,10.074,9.556,4.917,4.805,0.065,-0.264,-2.425,0
1967/04/01,00:00,12.175,10.206,9.746,5.206,5.104,0.465,0.104,-2.325,0
1967/05/01,00:00,13.675,10.396,9.874,5.255,5.137,0.396,-0.044,-2.225,0
1967/06/01,00:00,12.075,10.176,9.674,5.094,4.986,0.284,-0.175,-1.425,0
1967/07/01,00:00,10.875,10.127,9.586,5.094,4.976,0.357,-0.054,-1.225,0
1967/08/01,00:00,11.175,10.035,9.484,5.025,4.917,0.337,0.065,-1.225,0
1967/09/01,00:00,11.075,10.065,9.595,5.065,4.966,0.324,0.074,-1.725,0
1967/10/01,00:00,11.775,9.956,9.546,4.956,4.845,0.137,-0.145,-1.825,0
1967/11/01,00:00,12.275,10.025,9.536,4.956,4.835,0.137,-0.283,-1.925,0
1967/12/01,00:00,12.375,10.357,9.766,5.084,4.996,0.225,-0.273,-2.025,0
1968/01/01,00:00,11.075,9.845,9.234,4.694,4.605,-0.024,-0.454,-2.325,0
1968/02/01,00:00,10.775,9.917,9.385,4.904,4.795,0.206,-0.096,-1.425,0
1968/03/01,00:00,11.775,9.966,9.556,4.956,4.855,0.156,-0.195,-2.225,0
1968/04/01,00:00,11.875,9.795,9.385,4.917,4.795,0.206,-0.165,-2.325,0
1968/05/01,00:00,12.175,10.147,9.645,5.156,5.045,0.435,-0.024,-2.525,0
1968/06/01,00:00,12.175,10.366,9.825,5.274,5.176,0.514,0.084,-1.825,0
1968/07/01,00:00,11.575,10.114,9.595,5.035,4.917,0.225,-0.145,-1.825,0
1968/08/01,00:00,11.275,10.045,9.546,5.025,4.894,0.245,-0.034,-1.225,0
1968/09/01,00:00,11.275,10.005,9.546,5.025,4.904,0.274,-0.054,-1.025,0
1968/10/01,00:00,11.975,9.927,9.454,4.996,4.894,0.324,-0.054,-1.825,0
1968/11/01,00:00,12.475,10.304,9.815,5.274,5.166,0.504,0.065,-3.025,0
1968/12/01,00:00,NaN,10.035,9.494,4.966,4.864,0.235,-0.175,NaN,0
1969/01/01,00:00,11.875,9.776,9.185,4.674,4.576,-0.034,-0.474,-2.425,0
1969/02/01,00:00,12.275,10.294,9.805,5.255,5.147,0.484,0.147,-2.225,0
1969/03/01,00:00,11.775,10.114,9.664,5.114,4.996,0.324,0.015,-1.725,0
1969/04/01,00:00,11.375,9.946,9.536,4.956,4.825,0.127,-0.185,-1.825,0
1969/05/01,00:00,11.775,10.104,9.566,4.937,4.835,0.094,-0.336,-1.625,0
1969/06/01,00:00,11.975,10.324,9.746,5.094,4.976,0.196,-0.254,-1.925,0
1969/07/01,00:00,12.175,10.337,9.776,5.127,4.996,0.215,-0.145,-2.025,0
1969/08/01,00:00,11.675,10.235,9.805,5.156,5.035,0.265,0.005,-1.625,0
1969/09/01,00:00,NaN,10.215,9.776,5.294,5.196,0.616,0.304,NaN,0
1969/10/01,00:00,11.675,10.294,9.855,5.445,5.366,0.865,0.514,-1.225,0
1969/11/01,00:00,12.575,10.465,9.986,5.566,5.465,0.934,0.504,-0.825,0
1969/12/01,00:00,12.175,10.314,9.776,5.366,5.265,0.744,0.294,-1.825,0
1970/01/01,00:00,12.485,10.147,9.605,5.104,5.005,0.406,0.104,-1.915,0
1970/02/01,00:00,12.385,10.137,9.595,4.966,4.855,0.114,-0.175,-2.515,0
1970/03/01,00:00,11.885,10.005,9.526,5.015,4.874,0.215,-0.083,-2.215,0
1970/04/01,00:00,11.385,10.094,9.717,5.104,4.996,0.265,-0.175,-1.815,0
1970/05/01,00:00,11.185,9.966,9.536,4.927,4.795,0.055,-0.405,-1.415,0
1970/06/01,00:00,11.585,10.206,9.674,5.084,4.966,0.255,-0.205,-1.615,0
1970/07/01,00:00,11.885,10.084,9.546,5.005,4.917,0.274,-0.145,-2.015,0
1970/08/01,00:00,11.885,10.166,9.694,5.147,5.045,0.386,0.055,-1.915,0
1970/09/01,00:00,11.485,9.956,9.605,5.084,4.986,0.357,0.025,-2.015,0
1970/10/01,00:00,11.585,9.976,9.546,5.055,4.946,0.347,-0.044,-1.815,0
1970/11/01,00:00,12.085,10.314,9.805,5.314,5.225,0.635,0.206,-1.215,0
1970/12/01,00:00,11.885,10.566,9.894,5.386,5.304,0.704,0.206,-1.415,0
1971/01/01,00:00,12.255,10.245,9.645,5.055,4.976,0.294,-0.054,-2.305,0
1971/02/01,00:00,12.045,10.084,9.556,4.986,4.874,0.206,-0.073,-1.635,0
1971/03/01,00:00,12.725,10.265,9.805,5.137,5.025,0.245,-0.116,-1.845,0
1971/04/01,00:00,12.355,10.294,9.815,5.215,5.104,0.396,0.005,-1.825,0
1971/05/01,00:00,11.585,10.206,9.736,5.235,5.114,0.494,0.015,-1.505,0
1971/06/01,00:00,11.285,10.176,9.654,5.156,5.045,0.425,0.015,-0.955,0
1971/07/01,00:00,10.955,10.025,9.484,5.015,4.894,0.304,-0.096,-1.175,0
1971/08/01,00:00,11.395,9.996,9.444,5.025,4.917,0.376,0.104,-1.425,0
1971/09/01,00:00,11.395,10.114,9.625,5.074,4.956,0.294,0.074,-1.865,0
1971/10/01,00:00,NaN,NaN,9.937,5.304,5.196,0.465,NaN,NaN,5
1971/11/01,00:00,12.555,10.545,10.055,5.485,5.395,0.735,0.225,-1.755,0
1971/12/01,00:00,11.845,10.235,9.654,5.055,4.966,0.265,-0.126,-1.955,0
1972/01/01,00:00,11.485,10.065,9.444,4.894,4.786,0.114,-0.185,-2.015,0
1972/02/01,00:00,13.885,10.114,9.595,5.055,4.937,0.265,-0.044,-1.515,0
1972/03/01,00:00,12.785,10.274,9.845,5.235,5.127,0.396,0.137,-1.415,0
1972/04/01,00:00,12.685,10.215,9.815,5.265,5.156,0.504,0.104,-2.015,0
1972/05/01,00:00,12.085,10.294,9.795,5.304,5.196,0.586,0.137,-2.015,0
1972/06/01,00:00,11.985,10.435,9.927,5.357,5.245,0.566,0.156,-1.515,0
1972/07/01,00:00,11.385,10.324,9.845,5.215,5.094,0.337,0.025,-1.615,0
1972/08/01,00:00,11.385,10.196,9.727,5.127,5.005,0.274,0.005,-1.115,0
1972/09/01,00:00,11.785,10.294,9.855,5.274,5.176,0.495,0.215,-1.415,0
1972/10/01,00:00,12.085,10.137,9.727,5.127,5.005,0.284,-0.034,-1.915,0
1972/11/01,00:00,12.685,10.534,10.055,5.425,5.324,0.596,0.156,-2.215,0
1972/12/01,00:00,13.085,10.416,9.815,5.274,5.176,0.534,0.104,-1.615,0
1973/01/01,00:00,12.185,10.245,9.625,5.147,5.045,0.455,0.104,-1.615,0
1973/02/01,00:00,11.885,10.186,9.746,5.137,5.035,0.314,0.065,-1.415,0
1973/03/01,00:00,11.985,10.265,9.874,5.284,5.176,0.475,0.186,-1.415,0
1973/04/01,00:00,13.085,10.406,10.045,5.324,5.196,0.347,0.055,-1.815,0
1973/05/01,00:00,12.385,10.557,10.065,5.294,5.166,0.265,-0.155,-1.815,0
1973/06/01,00:00,12.185,10.504,9.946,5.196,5.065,0.186,-0.244,-2.015,0
1973/07/01,00:00,12.185,10.714,10.186,5.347,5.225,0.265,-0.073,-2.015,0
1973/08/01,00:00,11.685,10.524,10.094,5.337,5.225,0.347,0.104,-1.215,0
1973/09/01,00:00,11.285,10.215,9.845,5.215,5.127,0.396,0.156,-1.215,0
1973/10/01,00:00,11.285,10.045,9.645,5.137,5.055,0.465,0.137,-1.215,0
1973/11/01,00:00,11.485,10.035,9.605,5.025,4.927,0.235,-0.175,-1.915,0
1973/12/01,00:00,12.685,10.137,9.654,5.035,4.937,0.215,-0.155,-1.915,0
1974/01/01,00:00,12.395,10.114,9.654,4.996,4.884,0.104,-0.225,-2.745,0
1974/02/01,00:00,12.955,10.186,9.707,5.005,4.894,0.084,-0.214,-1.945,0
1974/03/01,00:00,11.545,9.956,9.566,4.884,4.756,-0.054,-0.375,-2.535,0
1974/04/01,00:00,11.545,10.114,9.815,5.094,4.946,0.074,-0.234,-1.775,0
1974/05/01,00:00,12.065,10.274,9.894,5.176,5.045,0.196,-0.224,-1.315,0
1974/06/01,00:00,12.185,10.396,9.927,5.206,5.094,0.265,-0.125,-1.675,0
1974/07/01,00:00,11.905,10.376,9.894,5.245,5.127,0.357,-0.005,-1.975,0
1974/08/01,00:00,11.975,10.045,9.645,5.035,4.927,0.196,-0.095,-1.895,0
1974/09/01,00:00,11.795,10.215,9.894,5.245,5.137,0.376,0.115,-1.715,0
1974/10/01,00:00,11.625,9.845,9.454,4.884,4.766,0.074,-0.235,-2.025,0
1974/11/01,00:00,12.095,10.255,9.825,5.186,5.074,0.324,-0.075,-1.395,0
1974/12/01,00:00,13.135,10.357,9.894,5.104,4.996,0.094,-0.325,-2.185,0
1975/01/01,00:00,12.115,10.215,9.674,4.904,4.795,-0.083,-0.395,-2.345,0
1975/02/01,00:00,11.915,10.094,9.625,4.956,4.845,0.055,-0.214,-2.895,0
1975/03/01,00:00,11.895,10.215,9.795,4.976,4.855,-0.083,-0.375,-2.515,0
1975/04/01,00:00,11.855,10.206,9.864,5.127,4.996,0.114,-0.234,-2.245,0
1975/05/01,00:00,11.625,10.225,9.795,5.137,5.005,0.206,-0.224,-1.525,0
1975/06/01,00:00,11.185,10.314,9.874,5.245,5.127,0.376,-0.004,-1.185,0
1975/07/01,00:00,11.675,10.225,9.756,5.147,5.035,0.304,0.015,-1.425,0
1975/08/01,00:00,12.015,10.304,9.835,5.235,5.104,0.366,0.094,-1.725,0
1975/09/01,00:00,11.535,10.186,9.786,5.114,5.005,0.215,0.045,-1.985,0
1975/10/01,00:00,11.805,10.386,10.055,5.324,5.215,0.376,0.114,-2.205,0
1975/11/01,00:00,12.035,10.435,9.986,5.255,5.156,0.324,-0.014,-2.125,0
1975/12/01,00:00,11.625,10.337,9.825,5.084,4.996,0.156,-0.254,-2.115,0
1976/01/01,00:00,11.705,10.215,9.664,4.966,4.845,0.025,-0.316,-2.095,0
1976/02/01,00:00,12.305,10.147,9.654,4.825,4.707,-0.244,-0.516,-3.395,0
1976/03/01,00:00,13.405,10.094,9.717,4.966,4.805,-0.095,-0.283,-2.995,1
1976/04/01,00:00,11.905,10.245,9.904,5.127,5.005,0.094,-0.185,-2.695,0
1976/05/01,00:00,11.505,10.137,9.717,4.976,4.845,-0.014,-0.355,-2.795,0
1976/06/01,00:00,12.005,10.186,9.746,4.996,4.874,0.005,-0.326,-1.895,0
1976/07/01,00:00,12.005,10.475,10.065,5.225,5.104,0.147,-0.106,-1.195,0
1976/08/01,00:00,11.505,10.376,10.005,5.225,5.005,0.015,-0.126,-1.295,0
1976/09/01,00:00,11.805,10.294,9.946,5.176,5.055,0.166,-0.024,-1.795,0
1976/10/01,00:00,12.005,10.137,9.815,5.084,4.966,0.127,-0.205,-2.795,0
1976/11/01,00:00,12.105,10.065,9.684,4.927,4.825,-0.034,-0.414,-2.595,0
1976/12/01,00:00,12.405,9.815,9.356,4.615,4.507,-0.346,-0.766,-2.595,0
1977/01/01,00:00,12.405,10.074,9.556,4.795,4.684,-0.185,-0.536,-2.595,0
1977/02/01,00:00,11.405,10.137,9.674,4.795,4.674,-0.316,-0.493,-1.595,0
1977/03/01,00:00,12.505,10.104,9.786,4.917,4.894,0.015,-0.264,-1.995,0
1977/04/01,00:00,12.705,9.996,9.674,4.845,4.717,-0.244,-0.575,-2.595,0
1977/05/01,00:00,12.205,10.445,10.025,5.166,5.045,0.055,-0.293,-2.295,0
1977/06/01,00:00,12.305,10.675,10.206,5.347,5.225,0.245,-0.155,-2.195,0
1977/07/01,00:00,12.305,10.386,9.927,5.045,4.917,-0.083,-0.405,-1.995,0
1977/08/01,00:00,11.505,10.265,9.904,5.074,4.966,0.025,-0.195,-1.695,0
1977/09/01,00:00,11.505,10.337,10.045,5.347,5.235,0.425,0.215,-1.295,0
1977/10/01,00:00,12.505,10.337,9.996,5.294,5.186,0.386,0.084,-1.595,0
1977/11/01,00:00,12.405,10.265,9.835,5.185,5.065,0.305,-0.055,-1.995,0
1977/12/01,00:00,11.905,10.386,9.966,5.304,5.206,0.435,0.005,-3.395,1
1978/01/01,00:00,13.395,10.325,9.845,5.075,4.945,0.045,-0.345,-3.255,0
1978/02/01,00:00,15.095,10.795,10.335,5.405,5.275,0.225,-0.025,-1.885,0
1978/03/01,00:00,11.735,10.125,9.765,4.935,4.815,-0.125,-0.365,-2.495,0
1978/04/01,00:00,11.815,10.335,10.065,5.225,5.095,0.135,-0.175,-1.515,0
1978/05/01,00:00,11.925,10.335,10.025,5.175,5.025,0.035,-0.305,-1.925,0
1978/06/01,00:00,12.085,10.285,9.875,5.085,4.945,0.025,-0.345,-2.175,0
1978/07/01,00:00,11.825,10.265,9.825,5.085,4.955,0.095,-0.235,-2.505,0
1978/08/01,00:00,12.085,10.235,9.855,5.145,5.015,0.175,-0.075,-1.955,0
1978/09/01,00:00,11.445,10.125,9.865,5.185,5.075,0.285,0.025,-1.585,0
1978/10/01,00:00,11.425,10.005,9.755,5.095,4.985,0.215,-0.105,-1.385,0
1978/11/01,00:00,11.815,10.175,9.825,5.115,5.015,0.205,-0.195,-1.915,0
1978/12/01,00:00,11.935,10.315,9.845,4.985,4.885,-0.065,-0.515,-2.335,0
1979/01/01,00:00,14.035,10.665,10.205,5.235,5.115,0.045,-0.315,-2.395,0
1979/02/01,00:00,13.195,10.105,9.655,4.885,4.765,-0.125,-0.365,-2.135,0
1979/03/01,00:00,11.635,10.075,9.735,4.715,4.685,-0.365,-0.615,-2.565,0
1979/04/01,00:00,11.845,10.255,9.905,5.105,4.965,0.035,-0.295,-1.425,0
1979/05/01,00:00,11.565,10.245,9.835,5.085,4.955,0.075,-0.295,-1.445,0
1979/06/01,00:00,11.745,10.195,9.775,5.055,4.925,0.075,-0.335,-1.875,0
1979/07/01,00:00,11.564,10.189,9.74,5.068,4.933,0.127,-0.211,-2.025,0
1979/08/01,00:00,12.105,10.376,9.91,5.179,5.048,0.186,-0.08,-2.134,0
1979/09/01,00:00,12.046,10.156,9.769,5.019,4.889,0.009,-0.293,-1.835,0
1979/10/01,00:00,12.305,10.258,9.9,5.127,5.005,0.11,-0.122,-2.153,0
1979/11/01,00:00,11.465,10.065,9.7,4.897,4.776,-0.149,-0.464,-2.176,0
1979/12/01,00:00,11.167,10.091,9.615,4.812,4.709,-0.198,-0.579,-1.934,0
1980/01/01,00:00,11.984,10.124,9.586,4.815,4.7,-0.185,-0.497,-2.544,0
1980/02/01,00:00,12.236,10.183,9.746,4.946,4.818,-0.109,-0.313,-2.764,0
1980/03/01,00:00,12.276,10.019,9.648,4.805,4.684,-0.28,-0.565,-3.374,0
1980/04/01,00:00,12.086,10.199,9.9,5.058,4.928,-0.044,-0.303,-2.714,0
1980/05/01,00:00,11.915,10.389,10.012,5.252,5.117,0.222,-0.119,-2.124,0
1980/06/01,00:00,11.426,10.33,9.904,5.153,5.025,0.147,-0.227,-2.016,0
1980/07/01,00:00,11.725,10.366,9.93,5.094,4.964,-0.001,-0.319,-1.586,0
1980/08/01,00:00,11.364,10.294,9.963,5.087,4.958,-0.047,-0.237,-1.766,0
1980/09/01,00:00,12.076,10.084,9.779,5.028,4.902,0.025,-0.185,-2.045,0
1980/10/01,00:00,12.456,10.202,9.841,5.137,5.024,0.206,-0.063,-2.816,0
1980/11/01,00:00,12.364,10.196,9.822,5.084,4.966,0.11,-0.319,-2.265,0
1980/12/01,00:00,11.334,9.809,9.376,4.736,4.627,-0.122,-0.529,-2.865,0
1981/01/01,00:00,11.196,9.795,9.264,4.654,4.536,-0.185,-0.585,-2.176,0
1981/02/01,00:00,11.895,9.946,9.494,4.674,4.546,-0.414,-0.703,-2.573,0
1981/03/01,00:00,12.666,10.186,9.864,5.176,5.065,0.255,-0.024,-1.724,0
1981/04/01,00:00,11.534,9.894,9.566,4.825,4.707,-0.155,-0.483,-3.056,0
1981/05/01,00:00,12.115,10.294,9.966,5.137,5.015,0.065,-0.316,-2.485,0
1981/06/01,00:00,12.154,10.435,9.986,5.176,5.045,0.114,-0.326,-2.334,0
1981/07/01,00:00,11.465,10.396,9.927,5.156,5.035,0.147,-0.234,-2.294,0
1981/08/01,00:00,11.006,10.274,9.874,5.196,5.074,0.265,-0.063,-1.455,0
1981/09/01,00:00,11.456,10.294,9.956,5.314,5.215,0.484,0.235,-1.064,0
1981/10/01,00:00,11.764,9.966,9.595,5.045,4.946,0.304,-0.024,-2.006,0
1981/11/01,00:00,12.505,10.235,9.845,5.284,5.186,0.534,0.104,-2.206,0
1981/12/01,00:00,12.765,10.314,9.864,5.225,5.114,0.366,-0.034,-2.104,0
1982/01/01,00:00,12.505,9.996,9.484,4.835,4.736,-0.024,-0.336,-2.163,0
1982/02/01,00:00,11.206,9.946,9.494,4.795,4.684,-0.116,-0.355,-2.304,0
1982/03/01,00:00,11.134,9.864,9.494,4.795,4.674,-0.155,-0.444,-2.396,0
1982/04/01,00:00,11.465,9.874,9.536,4.795,4.664,-0.205,-0.595,-2.445,0
1982/05/01,00:00,11.836,10.084,9.746,5.045,4.884,0.035,-0.346,-2.196,0
1982/06/01,00:00,12.404,10.606,10.186,5.484,5.366,0.547,0.176,-1.894,0
1982/07/01,00:00,12.115,10.166,9.707,5.114,4.986,0.274,-0.096,-1.684,0
1982/08/01,00:00,11.456,10.065,9.625,5.065,4.956,0.274,-0.024,-1.835,0
1982/09/01,00:00,11.354,10.005,9.625,5.074,4.966,0.304,0.035,-1.103,0
1982/10/01,00:00,11.984,10.294,9.966,5.347,5.235,0.514,0.215,-1.005,0
1982/11/01,00:00,11.715,9.946,9.517,4.874,4.766,0.015,-0.414,-1.435,0
1982/12/01,00:00,11.915,10.235,9.736,5.015,4.904,0.084,-0.355,-2.435,0
1983/01/01,00:00,12.404,10.265,9.727,4.986,4.874,0.035,-0.375,-2.396,0
1983/02/01,00:00,12.276,10.366,9.937,5.284,5.166,0.386,0.094,-2.104,0
1983/03/01,00:00,12.046,10.566,10.186,5.445,5.324,0.455,0.186,-2.045,0
1983/04/01,00:00,11.725,10.504,10.114,5.425,5.294,0.475,0.127,-1.064,0
1983/05/01,00:00,11.564,10.235,9.795,5.215,5.104,0.416,-0.054,-1.166,0
1983/06/01,00:00,11.754,10.284,9.786,5.225,5.104,0.435,-0.014,-1.664,0
1983/07/01,00:00,12.056,10.376,9.874,5.304,5.186,0.504,0.114,-1.743,0
1983/08/01,00:00,12.246,10.366,9.874,5.284,5.166,0.455,0.147,-1.855,0
1983/09/01,00:00,12.056,10.235,9.786,5.206,5.084,0.376,0.045,-1.694,0
1983/10/01,00:00,11.935,10.294,9.874,5.324,5.215,0.547,0.166,-1.415,0
1983/11/01,00:00,12.715,10.576,10.104,5.504,5.406,0.704,0.347,-1.615,0
1983/12/01,00:00,11.925,10.255,9.756,5.137,5.035,0.304,-0.096,-1.743,0
1984/01/01,00:00,11.944,10.065,9.474,4.927,4.825,0.176,-0.155,-2.596,0
1984/02/01,00:00,12.394,10.176,9.664,5.074,4.976,0.284,-0.044,-1.576,0
1984/03/01,00:00,12.286,10.284,9.825,5.274,5.176,0.514,0.215,-1.924,0
1984/04/01,00:00,12.565,10.566,10.176,5.547,5.425,0.665,0.406,-1.254,0
1984/05/01,00:00,11.515,10.245,9.795,5.215,5.084,0.386,-0.004,-1.635,0
1984/06/01,00:00,11.626,10.425,9.904,5.337,5.206,0.514,0.094,-1.274,0
1984/07/01,00:00,11.456,10.357,9.845,5.166,5.045,0.245,-0.126,-1.543,0
1984/08/01,00:00,11.587,10.406,9.986,5.314,5.186,0.386,0.147,-1.684,0
1984/09/01,00:00,11.456,9.976,9.586,5.025,4.917,0.245,-0.024,-2.245,0
1984/10/01,00:00,12.046,10.094,9.717,5.215,5.104,0.504,0.176,-2.134,0
1984/11/01,00:00,11.587,10.137,9.684,5.215,5.137,0.586,0.166,-2.206,0
1984/12/01,00:00,12.017,9.966,9.435,5.035,4.937,0.425,0.005,-1.806,0
1985/01/01,00:00,11.734,10.084,9.566,5.166,5.065,0.566,0.176,-2.094,0
1985/02/01,00:00,12.286,10.127,9.615,5.015,4.917,0.215,-0.096,-1.845,0
1985/03/01,00:00,11.324,9.864,9.444,4.956,4.825,0.215,-0.044,-2.324,0
1985/04/01,00:00,12.036,9.976,9.615,5.065,4.946,0.274,-0.126,-2.285,0
1985/05/01,00:00,12.404,10.314,9.927,5.314,5.196,0.465,0.025,-2.196,0
1985/06/01,00:00,11.675,10.324,9.845,5.245,5.104,0.357,-0.126,-2.025,0
1985/07/01,00:00,11.534,10.357,9.795,5.206,5.094,0.386,-0.054,-1.333,0
1985/08/01,00:00,11.324,10.196,9.736,5.245,5.127,0.504,0.176,-0.926,0
1985/09/01,00:00,11.026,10.166,9.766,5.265,5.156,0.547,0.235,-1.366,0
1985/10/01,00:00,12.236,10.025,9.586,5.114,5.015,0.445,0.065,-2.025,0
1985/11/01,00:00,12.154,10.304,9.825,5.366,5.274,0.724,0.255,-2.163,0
1985/12/01,00:00,12.745,10.137,9.586,5.156,5.065,0.534,0.055,-1.543,0
1986/01/01,00:00,11.836,9.937,9.366,4.795,4.694,0.015,-0.414,-2.705,0
1986/02/01,00:00,11.255,10.225,9.707,5.127,5.015,0.337,0.015,-1.694,0
1986/03/01,00:00,11.105,9.874,9.435,4.845,4.746,0.055,-0.306,-2.045,0
1986/04/01,00:00,12.555,10.314,9.894,5.347,5.215,0.547,0.137,-1.694,0
1986/05/01,00:00,12.335,10.366,9.937,5.314,5.186,0.435,-0.004,-1.943,0
1986/06/01,00:00,12.335,10.274,9.795,5.206,5.074,0.357,-0.063,-1.855,0
1986/07/01,00:00,12.066,10.284,9.776,5.294,5.186,0.586,0.186,-1.684,0
1986/08/01,00:00,11.616,10.045,9.556,5.147,5.035,0.514,0.176,-1.274,0
1986/09/01,00:00,10.776,9.946,9.494,5.094,4.996,0.504,0.215,-0.936,0
1986/10/01,00:00,11.246,10.055,9.645,5.235,5.147,0.655,0.314,-1.514,0
1986/11/01,00:00,11.656,9.976,9.494,5.005,4.917,0.324,-0.096,-1.596,0
1986/12/01,00:00,12.535,10.156,9.576,4.986,4.904,0.235,-0.273,-2.275,0
1987/01/01,00:00,14.195,10.524,9.927,5.265,5.156,0.386,-0.083,-2.065,0
1987/02/01,00:00,11.416,9.884,9.415,4.894,4.786,0.166,-0.106,-2.275,0
1987/03/01,00:00,12.095,10.255,9.864,5.245,5.127,0.386,0.055,-1.714,0
1987/04/01,00:00,12.207,10.396,9.937,5.406,5.284,0.626,0.206,-0.936,0
1987/05/01,00:00,11.305,10.045,9.526,5.084,4.976,0.425,-0.054,-2.006,0
1987/06/01,00:00,11.856,10.186,9.645,5.206,5.094,0.547,0.094,-1.786,0
1987/07/01,00:00,12.154,10.245,9.707,5.245,5.127,0.557,0.166,-1.596,0
1987/08/01,00:00,12.184,10.206,9.674,5.196,5.074,0.484,0.166,-1.523,0
1987/09/01,00:00,11.364,10.156,9.664,5.176,5.065,0.465,0.127,-1.835,0
1987/10/01,00:00,11.456,10.035,9.576,5.104,4.986,0.386,-0.024,-1.576,0
1987/11/01,00:00,11.406,9.966,9.536,5.015,4.917,0.284,-0.126,-1.684,0
1987/12/01,00:00,11.705,10.337,9.756,5.255,5.166,0.576,0.147,-1.543,0
1988/01/01,00:00,11.974,9.736,9.107,4.684,4.586,0.065,-0.234,-1.845,0
1988/02/01,00:00,11.485,9.904,9.326,4.884,4.766,0.206,-0.063,-2.836,0
1988/03/01,00:00,11.534,9.756,9.297,4.874,4.766,0.225,0.005,-2.084,0
1988/04/01,00:00,11.826,10.324,9.917,5.435,5.324,0.734,0.435,-1.724,0
1988/05/01,00:00,11.255,10.147,9.605,5.156,5.045,0.484,0.104,-1.225,0
1988/06/01,00:00,11.734,10.366,9.766,5.284,5.176,0.586,0.137,-0.864,0
1988/07/01,00:00,11.774,10.176,9.625,5.065,4.937,0.255,-0.096,-1.543,0
1988/08/01,00:00,11.734,10.206,9.766,5.147,5.025,0.284,0.055,-1.776,0
1988/09/01,00:00,11.387,9.966,9.556,5.035,4.927,0.294,0.025,-1.894,0
1988/10/01,00:00,12.637,10.186,9.684,5.206,5.114,0.534,0.166,-1.543,0
1988/11/01,00:00,11.524,10.074,9.536,5.094,5.015,0.494,0.094,-1.605,0
1988/12/01,00:00,11.416,9.904,9.405,4.976,4.874,0.357,-0.024,-1.376,0
1989/01/01,00:00,11.344,9.864,9.326,4.904,4.805,0.284,-0.024,-2.143,0
1989/02/01,00:00,11.515,9.956,9.395,4.815,4.707,0.025,-0.244,-2.485,0
1989/03/01,00:00,11.305,9.664,9.205,4.795,4.654,0.104,-0.096,-2.396,0
1989/04/01,00:00,11.846,9.894,9.474,4.956,4.825,0.186,-0.264,-2.865,0
1989/05/01,00:00,11.876,10.127,9.684,5.127,4.996,0.304,-0.145,-2.094,0
1989/06/01,00:00,11.646,10.396,9.835,5.265,5.147,0.445,0.045,-1.333,0
1989/07/01,00:00,11.324,10.265,9.736,5.186,5.074,0.416,0.005,-1.015,0
1989/08/01,00:00,11.187,10.215,9.766,5.245,5.147,0.524,0.206,-1.425,0
1989/09/01,00:00,11.816,9.996,9.615,5.114,5.005,0.396,0.104,-1.294,0
1989/10/01,00:00,11.954,10.045,9.664,5.166,5.074,0.475,0.114,-2.124,0
1989/11/01,00:00,12.036,10.156,9.595,5.137,5.055,0.524,0.094,-2.304,0
1989/12/01,00:00,11.974,9.927,9.356,4.835,4.736,0.114,-0.283,-2.143,0
1990/01/01,00:00,12.115,9.986,9.425,4.855,4.746,0.065,-0.326,-1.724,0
1990/02/01,00:00,11.426,9.874,9.346,4.864,4.746,0.137,-0.145,-2.206,0
1990/03/01,00:00,11.016,9.756,9.307,4.684,4.586,-0.126,-0.414,-2.285,0
1990/04/01,00:00,11.656,9.874,9.425,4.855,4.736,0.045,-0.293,-2.114,0
1990/05/01,00:00,12.246,10.294,9.815,5.265,5.147,0.475,0.035,-1.865,0
1990/06/01,00:00,12.404,10.255,9.746,5.255,5.147,0.547,0.127,-1.346,0
1990/07/01,00:00,11.754,10.104,9.566,5.127,5.005,0.445,0.156,-1.123,0
1990/08/01,00:00,11.377,10.186,9.684,5.294,5.176,0.675,0.435,-0.703,0
1990/09/01,00:00,11.055,10.074,9.664,5.265,5.156,0.655,0.396,-0.716,0
1990/10/01,00:00,11.334,10.055,9.707,5.225,5.137,0.576,0.265,-1.425,0
1990/11/01,00:00,12.305,10.265,9.805,5.255,5.156,0.494,0.045,-1.395,0
1990/12/01,00:00,13.004,10.114,9.595,4.946,4.855,0.104,-0.336,-2.045,0
1991/01/01,00:00,12.115,10.215,9.586,5.005,4.917,0.245,-0.106,-2.606,0
1991/02/01,00:00,11.597,9.946,9.464,4.946,4.845,0.235,-0.034,-2.114,0
1991/03/01,00:00,11.826,10.337,9.937,5.337,5.215,0.494,0.196,-1.445,0
1991/04/01,00:00,11.856,10.156,9.736,5.196,5.074,0.416,0.045,-1.245,0
1991/05/01,00:00,11.954,10.127,9.635,5.176,5.065,0.504,0.055,-1.494,0
1991/06/01,00:00,12.046,10.386,9.855,5.366,5.245,0.626,0.196,-1.934,0
1991/07/01,00:00,12.125,10.196,9.707,5.245,5.084,0.465,0.127,-1.674,0
1991/08/01,00:00,12.026,10.265,9.805,5.255,5.137,0.465,0.215,-1.395,0
1991/09/01,00:00,11.456,10.147,9.694,5.166,5.045,0.406,0.104,-1.294,0
1991/10/01,00:00,14.136,10.357,9.884,5.376,5.255,0.635,0.245,-1.254,0
1991/11/01,00:00,12.374,10.514,10.084,5.274,5.137,0.186,-0.175,-2.216,0
1991/12/01,00:00,12.404,10.357,9.776,5.104,4.996,0.206,-0.185,-2.025,0
1992/01/01,00:00,12.056,10.357,9.795,5.156,5.045,0.304,0.025,-2.304,0
1992/02/01,00:00,12.056,10.314,9.825,5.176,5.035,0.255,-0.004,-1.966,0
1992/03/01,00:00,12.105,10.094,9.717,5.114,5.005,0.284,0.084,-1.796,0
1992/04/01,00:00,11.587,10.196,9.815,5.206,5.074,0.324,0.055,-1.576,0
1992/05/01,00:00,11.315,10.284,9.805,5.156,5.035,0.265,-0.096,-1.445,0
1992/06/01,00:00,11.856,10.665,10.104,5.386,5.265,0.416,0.045,-1.366,0
1992/07/01,00:00,12.305,10.566,10.055,5.255,5.114,0.186,-0.116,-2.124,0
1992/08/01,00:00,12.374,10.406,10.015,5.186,5.065,0.114,-0.083,-1.835,0
1992/09/01,00:00,11.797,10.094,9.727,5.045,4.927,0.127,-0.083,-1.855,0
1992/10/01,00:00,12.026,10.156,9.746,5.176,5.074,0.406,0.114,-1.504,0
1992/11/01,00:00,12.417,10.114,9.674,5.127,5.025,0.366,0.045,-1.136,0
1992/12/01,00:00,14.024,10.314,9.825,5.255,5.147,0.475,0.094,-2.153,0
1993/01/01,00:00,11.845,10.175,9.645,5.015,4.885,0.135,-0.135,-2.125,0
1993/02/01,00:00,11.915,10.445,10.065,5.265,5.135,0.205,-0.025,-2.445,0
1993/03/01,00:00,12.395,10.215,9.835,5.055,4.905,-0.025,-0.355,-2.465,0
1993/04/01,00:00,12.165,10.635,10.315,5.475,5.315,0.315,0.005,-2.515,0
1993/05/01,00:00,12.035,10.665,10.265,5.405,5.245,0.225,-0.185,-2.105,0
1993/06/01,00:00,11.775,10.595,10.155,5.305,5.165,0.175,-0.235,-1.495,0
1993/07/01,00:00,11.725,10.625,10.155,5.335,5.205,0.255,-0.105,-1.415,0
1993/08/01,00:00,11.785,10.375,9.985,5.265,5.135,0.295,0.025,-1.485,0
1993/09/01,00:00,12.145,10.265,9.955,5.245,5.105,0.265,0.005,-1.805,0
1993/10/01,00:00,12.265,10.255,9.845,5.175,5.065,0.285,-0.045,-2.375,0
1993/11/01,00:00,12.165,10.165,9.715,5.005,4.905,0.095,-0.335,-2.215,0
1993/12/01,00:00,12.805,10.495,9.945,5.235,5.105,0.275,-0.155,-1.575,0
1994/01/01,00:00,11.954,10.028,9.513,4.694,4.558,-0.398,-0.769,-2.353,0
1994/02/01,00:00,12.076,10.065,9.618,4.851,4.732,-0.155,-0.408,-2.373,0
1994/03/01,00:00,11.944,10.389,10.035,5.087,4.96,-0.116,-0.352,-2.596,0
1994/04/01,00:00,12.076,10.005,9.622,4.825,4.676,-0.27,-0.644,-2.754,0
1994/05/01,00:00,12.837,10.406,10.032,5.304,5.155,0.278,-0.129,-1.845,0
1994/06/01,00:00,11.974,10.238,9.805,5.051,4.915,0.025,-0.359,-1.786,0
1994/07/01,00:00,11.475,10.297,9.835,5.199,5.063,0.291,0.009,-1.445,0
1994/08/01,00:00,11.124,10.206,9.753,5.156,5.012,0.271,0.022,-1.005,0
1994/09/01,00:00,11.607,10.379,10.005,5.311,5.202,0.399,0.186,-1.356,0
1994/10/01,00:00,11.534,10.173,9.845,5.179,5.071,0.297,0.035,-2.226,0
1994/11/01,00:00,12.236,10.074,9.668,4.927,4.799,-0.07,-0.421,-2.409,0
1994/12/01,00:00,12.095,10.399,9.878,5.058,4.95,0.022,-0.346,-2.495,0
1995/01/01,00:00,12.594,10.379,9.878,4.999,4.85,-0.178,-0.49,-2.344,0
1995/02/01,00:00,11.954,10.074,9.697,4.943,4.822,-0.054,-0.277,-1.586,0
1995/03/01,00:00,11.364,10.147,9.851,5.042,4.894,-0.063,-0.267,-1.855,0
1995/04/01,00:00,11.846,10.104,9.776,5.012,4.879,-0.018,-0.287,-1.943,0
1995/05/01,00:00,12.355,10.393,9.996,5.314,5.176,0.357,-0.021,-1.855,0
1995/06/01,00:00,12.286,10.242,9.763,5.094,4.955,0.147,-0.224,-2.285,0
1995/07/01,00:00,11.905,10.376,9.907,5.212,5.073,0.238,-0.027,-2.035,0
1995/08/01,00:00,11.925,10.501,10.127,5.33,5.199,0.271,0.074,-1.464,0
1995/09/01,00:00,11.377,10.396,10.022,5.255,5.124,0.225,-0.004,-1.274,0
1995/10/01,00:00,11.826,10.429,10.058,5.33,5.204,0.35,0.061,-1.543,0
1995/11/01,00:00,12.505,10.566,10.189,5.402,5.297,0.406,0.012,-2.163,0
1995/12/01,00:00,13.336,10.547,10.13,5.347,5.261,0.393,0.084,-1.586,0
1996/01/01,00:00,12.351,10.468,9.996,5.343,5.255,0.514,0.127,-2.245,0
1996/02/01,00:00,12.322,10.271,9.91,5.179,5.078,0.245,0.045,-2.55,0
1996/03/01,00:00,12.056,10.094,9.743,5.107,5.019,0.294,0.068,-1.737,0
1996/04/01,00:00,12.19,10.379,10.11,5.439,5.343,0.576,0.268,-1.005,0
1996/05/01,00:00,11.521,10.347,9.992,5.291,5.197,0.402,0.094,-1.438,0
1996/06/01,00:00,11.964,10.419,10.005,5.271,5.168,0.33,-0.014,-1.737,0
1996/07/01,00:00,12.404,10.632,10.209,5.366,5.247,0.284,-0.021,-1.769,0
1996/08/01,00:00,12.227,10.471,10.117,5.278,5.168,0.219,0.068,-1.602,0
1996/09/01,00:00,11.997,10.954,10.675,5.757,5.612,0.55,0.284,-1.858,0
1996/10/01,00:00,12.161,10.616,10.327,5.619,5.481,0.635,0.258,-1.402,0
1996/11/01,00:00,11.465,10.461,10.12,5.442,5.338,0.557,0.186,-1.386,0
1996/12/01,00:00,12.328,10.491,10.094,5.458,5.357,0.619,0.209,-0.989,0
1997/01/01,00:00,13.267,10.268,9.851,5.222,5.11,0.37,0.005,-2.232,0
1997/02/01,00:00,12.338,10.278,9.907,5.11,5.005,0.104,-0.136,-2.055,0
1997/03/01,00:00,12.351,10.278,9.946,5.186,5.081,0.215,-0.07,-2.406,0
1997/04/01,00:00,12.079,10.724,10.445,5.612,5.498,0.55,0.13,-2.094,0
1997/05/01,00:00,11.82,10.386,10.081,5.268,5.147,0.212,-0.191,-1.527,0
1997/06/01,00:00,11.6,10.619,10.209,5.432,5.301,0.393,0.045,-1.002,0
1997/07/01,00:00,11.607,10.484,10.012,5.284,5.165,0.317,-0.018,-1.635,0
1997/08/01,00:00,11.997,10.481,10.048,5.353,5.23,0.412,0.133,-1.747,0
1997/09/01,00:00,11.958,10.35,10.012,5.363,5.243,0.475,0.222,-1.599,0
1997/10/01,00:00,12.01,10.32,10.009,5.383,5.271,0.534,0.186,-1.717,0
1997/11/01,00:00,12.656,10.507,10.14,5.517,5.407,0.675,0.311,-1.697,0
1997/12/01,00:00,12.079,10.475,9.992,5.343,5.219,0.445,-0.021,-1.664,0
1998/01/01,00:00,12.791,10.708,10.252,5.478,5.363,0.475,0.163,-1.638,0
1998/02/01,00:00,12.666,10.842,10.432,5.698,5.566,0.701,0.406,-1.386,0
1998/03/01,00:00,12.046,10.553,10.229,5.402,5.248,0.268,-0.008,-2.193,0
1998/04/01,00:00,12.122,10.688,10.363,5.576,5.425,0.488,0.219,-1.835,0
1998/05/01,00:00,12.22,10.75,10.37,5.635,5.512,0.655,0.337,-1.418,0
1998/06/01,00:00,11.823,10.629,10.219,5.53,5.417,0.616,0.281,-1.202,0
1998/07/01,00:00,11.544,10.481,10.071,5.442,5.325,0.58,0.294,-0.654,0
1998/08/01,00:00,11.095,10.248,9.835,5.229,5.12,0.406,0.179,-1.277,0
1998/09/01,00:00,12.253,10.475,10.101,5.416,5.291,0.481,0.238,-1.238,0
1998/10/01,00:00,11.82,10.173,9.878,5.238,5.128,0.379,0.124,-2.039,0
1998/11/01,00:00,12.204,10.265,9.92,5.163,5.068,0.215,-0.136,-2.124,0
1998/12/01,00:00,12.207,10.304,9.828,5.051,4.938,0.048,-0.293,-2.393,0
1999/01/01,00:00,12.227,10.268,9.743,4.946,4.833,-0.077,-0.437,-2.908,0
1999/02/01,00:00,11.541,10.422,10.035,5.324,5.214,0.393,0.143,-1.474,0
1999/03/01,00:00,11.784,10.284,9.989,5.199,5.045,0.101,-0.126,-1.596,0
1999/04/01,00:00,12.112,10.353,10.094,5.383,5.255,0.416,0.153,-1.812,0
1999/05/01,00:00,11.849,10.301,9.923,5.274,5.148,0.373,0.012,-2.193,0
1999/06/01,00:00,12.177,10.274,9.825,5.196,5.069,0.314,-0.083,-1.993,0
1999/07/01,00:00,11.902,10.458,10.015,5.353,5.211,0.406,0.094,-1.694,0
1999/08/01,00:00,11.666,10.458,10.104,5.406,5.279,0.455,0.183,-1.372,0
1999/09/01,00:00,11.803,10.475,10.13,5.353,5.225,0.32,0.038,-1.313,0
1999/10/01,00:00,11.905,10.307,9.989,5.219,5.107,0.225,-0.109,-1.796,0
1999/11/01,00:00,12.128,10.245,9.861,5.101,4.981,0.101,-0.273,-2.504,0
1999/12/01,00:00,12.003,10.343,9.871,5.101,5.002,0.133,-0.319,-2.39,0
2000/01/01,00:00,12.86,10.334,9.841,5.074,4.987,0.133,-0.247,-2.235,0
2000/02/01,00:00,12.499,10.009,9.549,4.782,4.656,-0.237,-0.549,-2.157,0
2000/03/01,00:00,11.738,10.261,9.874,5.232,5.104,0.334,0.087,-1.149,0
2000/04/01,00:00,11.597,10.347,10.025,5.297,5.155,0.284,-0.031,-1.599,0
2000/05/01,00:00,11.816,10.544,10.183,5.455,5.319,0.455,0.081,-1.724,0
2000/06/01,00:00,12.558,10.589,10.137,5.386,5.258,0.379,-0.004,-1.963,0
2000/07/01,00:00,12.364,10.737,10.271,5.471,5.325,0.379,0.038,-1.966,0
2000/08/01,00:00,12.204,10.586,10.17,5.389,5.248,0.327,0.058,-1.717,0
2000/09/01,00:00,11.784,10.258,9.933,5.271,5.151,0.37,0.153,-1.146,0
2000/10/01,00:00,11.301,10.183,9.838,5.179,5.091,0.343,-0.04,-0.939,0
2000/11/01,00:00,11.872,10.406,10.025,5.435,5.343,0.662,0.265,-1.271,0
2000/12/01,00:00,12.233,9.956,9.448,4.904,4.809,0.17,-0.254,-3.101,0
2001/01/01,00:00,12.236,10.248,9.818,5.156,5.06,0.301,-0.083,-1.802,0
2001/02/01,00:00,12.059,9.986,9.543,4.835,4.738,-0.067,-0.375,-3,0
2001/03/01,00:00,12.998,10.432,10.071,5.35,5.237,0.402,0.104,-1.838,0
2001/04/01,00:00,11.6,10.252,9.887,5.166,5.045,0.202,-0.149,-1.664,0
2001/05/01,00:00,11.301,10.304,9.966,5.265,5.148,0.33,-0.067,-1.681,0
2001/06/01,00:00,11.682,10.353,9.917,5.248,5.128,0.34,-0.047,-1.35,0
2001/07/01,00:00,12.02,10.461,9.956,5.281,5.168,0.379,-0.018,-1.858,0
2001/08/01,00:00,12.158,10.386,9.904,5.281,5.16,0.416,0.081,-1.789,0
2001/09/01,00:00,11.941,10.376,9.963,5.379,5.27,0.576,0.268,-1.533,0
2001/10/01,00:00,11.839,10.196,9.838,5.307,5.197,0.557,0.219,-1.74,0
2001/11/01,00:00,11.347,10.15,9.704,5.163,5.063,0.422,0.009,-1.586,0
2001/12/01,00:00,11.593,10.389,9.841,5.261,5.168,0.494,-0.024,-1.422,0
2002/01/01,00:00,12.345,10.376,9.776,5.078,4.978,0.179,-0.234,-1.773,0
2002/02/01,00:00,12.292,10.396,9.874,5.245,5.128,0.383,0.025,-2.737,0
2002/03/01,00:00,11.544,9.969,9.592,4.828,4.687,-0.218,-0.526,-2.422,0
2002/04/01,00:00,12.748,10.147,9.7,5.019,4.886,0.071,-0.257,-2.481,0
2002/05/01,00:00,11.544,10.229,9.756,5.176,5.05,0.343,-0.034,-1.71,0
2002/06/01,00:00,11.433,10.33,9.851,5.284,5.179,0.507,0.12,-1.133,0
2002/07/01,00:00,11.223,10.311,9.845,5.317,5.204,0.563,0.225,-0.897,0
2002/08/01,00:00,11.42,10.258,9.795,5.343,5.235,0.675,0.429,-1.199,0
2002/09/01,00:00,11.843,10.33,9.92,5.399,5.302,0.685,0.422,-1.517,0
2002/10/01,00:00,12.013,10.353,9.894,5.389,5.297,0.701,0.37,-1.743,0
2002/11/01,00:00,13.454,10.36,9.917,5.324,5.209,0.501,0.104,-1.507,0
2002/12/01,00:00,12.017,10.504,9.963,5.297,5.215,0.468,0.097,-2.019,0
2003/01/01,00:00,13.398,10.455,9.855,5.189,5.083,0.311,-0.063,-2.012,0
2003/02/01,00:00,11.908,9.887,9.405,4.792,4.72,0.035,-0.241,-1.674,0
2003/03/01,00:00,11.862,10.183,9.763,5.114,4.987,0.212,-0.077,-1.829,0
2003/04/01,00:00,12.04,10.242,9.874,5.278,5.151,0.429,0.153,-1.979,0
2003/05/01,00:00,11.813,10.33,9.92,5.396,5.283,0.645,0.248,-2.383,0
2003/06/01,00:00,12.289,10.481,9.996,5.507,5.384,0.773,0.376,-1.514,0
2003/07/01,00:00,11.928,10.412,9.9,5.406,5.278,0.655,0.301,-1.268,0
2003/08/01,00:00,11.482,10.465,10.019,5.419,5.294,0.57,0.327,-0.838,0
2003/09/01,00:00,12.299,10.452,10.084,5.445,5.319,0.553,0.248,-1.064,0
2003/10/01,00:00,12.204,10.307,9.914,5.334,5.211,0.507,0.084,-1.92,0
2003/11/01,00:00,12.535,10.357,9.881,5.294,5.194,0.507,0.045,-2.048,0
2003/12/01,00:00,12.64,10.471,9.966,5.353,5.252,0.537,0.101,-2.212,0
2004/01/01,00:00,NaN,10.16,9.579,5.078,5.019,0.458,0.107,NaN,13
2004/02/01,00:00,12.286,10.019,9.52,4.943,4.851,0.183,-0.129,-1.674,0
2004/03/01,00:00,11.744,10.012,9.572,5.065,4.961,0.35,0.055,-1.11,0
2004/04/01,00:00,11.81,10.192,9.766,5.248,5.125,0.484,0.12,-1.461,0
2004/05/01,00:00,11.974,10.206,9.776,5.238,5.114,0.452,0.068,-1.865,0
2004/06/01,00:00,12.289,10.514,9.992,5.389,5.273,0.553,0.124,-2.035,0
2004/07/01,00:00,12.21,10.599,10.035,5.399,5.273,0.511,0.104,-1.605,0
2004/08/01,00:00,11.895,10.439,9.95,5.34,5.202,0.455,0.127,-1.638,0
2004/09/01,00:00,11.823,10.294,9.914,5.419,5.304,0.694,0.419,-0.821,0
2004/10/01,00:00,11.902,10.534,10.156,5.704,5.604,1.052,0.655,-0.641,0
2004/11/01,00:00,12.282,10.278,9.799,5.419,5.319,0.839,0.393,-1.015,0
2004/12/01,00:00,12.758,10.235,9.733,5.343,5.248,0.763,0.268,-1.73,0
2005/01/01,00:00,12.41,10.297,9.805,5.33,5.242,0.678,0.235,-2.045,0
2005/02/01,00:00,13.129,10.452,9.94,5.334,5.222,0.504,0.186,-1.743,0
2005/03/01,00:00,12.853,10.583,10.13,5.504,5.386,0.642,0.301,-2.17,0
2005/04/01,00:00,12.243,10.645,10.219,5.632,5.499,0.78,0.419,-1.061,0
2005/05/01,00:00,13.778,10.865,10.429,5.822,5.711,0.993,0.514,-0.729,0
2005/06/01,00:00,12.322,10.731,10.212,5.599,5.478,0.744,0.281,-1.336,0
2005/07/01,00:00,12.345,10.626,10.074,5.553,5.448,0.822,0.429,-1.182,0
2005/08/01,00:00,12.243,10.465,9.92,5.458,5.343,0.767,0.399,-1.422,0
2005/09/01,00:00,12.023,10.317,9.835,5.393,5.276,0.717,0.379,-1.382,0
2005/10/01,00:00,11.977,10.461,10.055,5.639,5.527,1,0.593,-1.307,0
2005/11/01,00:00,11.557,10.376,9.874,5.386,5.27,0.665,0.189,-1.327,0
2005/12/01,00:00,12.108,10.488,9.835,5.258,5.143,0.452,-0.09,-1.701,0
2006/01/01,00:00,13.572,10.671,9.973,5.353,5.237,0.501,0.081,-1.714,0
2006/02/01,00:00,12.873,10.35,9.733,5.265,5.17,0.606,0.196,-1.979,0
2006/03/01,00:00,11.967,10.383,9.943,5.281,5.153,0.363,0.081,-2.091,0
2006/04/01,00:00,11.777,10.34,9.884,5.294,5.176,0.468,0.114,-1.448,0
2006/05/01,00:00,11.853,10.694,10.189,5.681,5.56,0.931,0.448,-0.913,0
2006/06/01,00:00,11.462,10.609,10.071,5.622,5.501,0.934,0.524,-0.483,0
2006/07/01,00:00,11.741,10.383,9.868,5.422,5.294,0.721,0.409,-1.208,0
2006/08/01,00:00,12.007,10.439,9.92,5.514,5.393,0.865,0.606,-1.113,0
2006/09/01,00:00,11.843,10.547,10.048,5.599,5.491,0.934,0.642,-1.159,0
2006/10/01,00:00,11.935,10.504,10.002,5.576,5.488,0.973,0.566,-1.943,0
2006/11/01,00:00,11.833,10.583,10.117,5.484,5.378,0.639,0.284,-2.035,0
2006/12/01,00:00,12.315,10.357,9.769,5.17,5.073,0.376,-0.063,-1.418,0
2007/01/01,00:00,11.584,10.225,9.654,5.176,5.076,0.498,0.127,-1.582,0
2007/02/01,00:00,11.846,9.963,9.477,4.963,4.861,0.245,0.002,-1.576,0
2007/03/01,00:00,11.813,9.907,9.444,4.914,4.81,0.176,-0.129,-2.793,0
2007/04/01,00:00,13.795,10.455,10.091,5.537,5.419,0.747,0.471,-1.185,0
2007/05/01,00:00,12.515,10.317,9.848,5.334,5.201,0.553,0.147,-1.445,0
2007/06/01,00:00,12.23,10.694,10.15,5.652,5.537,0.924,0.521,-0.969,0
2007/07/01,00:00,11.682,10.57,9.996,5.481,5.358,0.721,0.399,-0.789,0
2007/08/01,00:00,11.502,10.471,10.025,5.458,5.322,0.619,0.399,-0.756,0
2007/09/01,00:00,11.918,10.301,9.881,5.34,5.212,0.544,0.202,-1.363,0
2007/10/01,00:00,12.243,10.494,10.048,5.514,5.398,0.747,0.33,-1.904,0
2007/11/01,00:00,12.181,10.475,9.943,5.32,5.191,0.439,-0.011,-2.314,0
2007/12/01,00:00,12.017,10.301,9.694,5.163,5.086,0.478,0.035,-2.016,0
2008/01/01,00:00,11.226,10.245,9.658,5.192,5.092,0.527,0.173,-2.15,0
2008/02/01,00:00,11.524,10.222,9.69,5.153,5.043,0.396,0.15,-1.786,0
2008/03/01,00:00,11.538,10.074,9.618,5.202,5.096,0.573,0.271,-1.766,0
2008/04/01,00:00,11.754,10.202,9.809,5.258,5.138,0.468,0.101,-1.776,0
2008/05/01,00:00,12.473,10.747,10.248,5.701,5.588,0.927,0.527,-1.523,0
2008/06/01,00:00,12.378,10.665,10.124,5.524,5.412,0.701,0.288,-1.733,0
2008/07/01,00:00,12.233,10.688,10.101,5.442,5.307,0.514,0.127,-1.773,0
2008/08/01,00:00,12.2,10.668,10.163,5.573,5.435,0.708,0.412,-0.825,0
2008/09/01,00:00,11.157,10.363,9.979,5.458,5.342,0.704,0.422,-0.654,0
2008/10/01,00:00,11.944,10.452,10.071,5.573,5.458,0.845,0.494,-0.976,0
2008/11/01,00:00,12.61,10.452,9.943,5.442,5.347,0.75,0.353,-1.596,0
2008/12/01,00:00,12.653,10.147,9.605,5.147,5.027,0.448,-0.014,-2.347,0
2009/01/01,00:00,13.034,10.202,9.684,5.189,5.102,0.521,0.173,-1.766,0
2009/02/01,00:00,11.853,10.419,9.92,5.33,5.237,0.553,0.261,-1.645,0
2009/03/01,00:00,12.069,10.297,9.838,5.252,5.128,0.419,0.153,-2.052,0
2009/04/01,00:00,11.502,10.406,9.973,5.393,5.268,0.563,0.179,-1.261,0
2009/05/01,00:00,11.974,10.399,9.966,5.353,5.229,0.491,0.048,-1.504,0
2009/06/01,00:00,12.883,10.914,10.448,5.803,5.683,0.918,0.507,-1.176,0
2009/07/01,00:00,12.745,10.78,10.278,5.753,5.634,0.99,0.645,-1.573,0
2009/10/01,00:00,12.804,10.711,10.288,5.744,5.634,0.98,0.619,-0.677,0
2009/11/01,00:00,11.885,10.586,10.107,5.619,5.498,0.888,0.448,-0.684,0
2009/12/01,00:00,12.476,10.714,10.117,5.524,5.401,0.685,0.232,-1.146,0
2010/01/01,00:00,13.532,11.023,10.425,5.678,5.54,0.655,0.32,-2.622,0
2010/02/01,00:00,12.686,10.947,10.491,5.839,5.74,0.99,0.714,-2.222,0
2010/03/01,00:00,13.165,11.334,10.895,6.039,5.893,0.891,0.576,-1.146,0
2010/04/01,00:00,12.574,10.918,10.481,5.75,5.611,0.74,0.373,-1.048,0
2010/05/01,00:00,12.263,10.747,10.229,5.599,5.466,0.704,0.284,-0.729,0
2010/06/01,00:00,11.928,10.809,10.288,5.694,5.571,0.855,0.498,-0.93,0
2010/07/01,00:00,12.115,10.635,10.124,5.596,5.455,0.786,0.517,-1.094,0
2010/08/01,00:00,12.282,10.629,10.166,5.599,5.478,0.79,0.583,-1.231,0
2010/09/01,00:00,12.414,10.757,10.271,5.649,5.517,0.763,0.481,-1.258,0
2010/10/01,00:00,12.46,10.744,10.291,5.694,5.585,0.878,0.563,-1.455,0
2010/11/01,00:00,12.912,10.793,10.373,5.649,5.535,0.698,0.314,-1.73,0
2010/12/01,00:00,13.696,11.091,10.524,5.763,5.671,0.819,0.439,-1.071,0
2011/01/01,00:00,13.04,10.799,10.261,5.514,5.399,0.537,0.199,-1.773,0
2011/02/01,00:00,12.522,10.557,10.094,5.406,5.293,0.491,0.268,-1.878,0
2011/03/01,00:00,12.551,10.386,9.999,5.347,5.222,0.442,0.225,-2.029,0
2011/04/01,00:00,12.43,10.53,10.16,5.494,5.363,0.566,0.291,-2.068,0
2011/05/01,00:00,12.63,10.803,10.37,5.77,5.647,0.924,0.553,-1.372,0
2011/06/01,00:00,12.433,10.898,10.419,5.819,5.693,0.967,0.639,-0.628,0
2011/07/01,00:00,11.974,10.832,10.334,5.711,5.566,0.799,0.53,-0.48,0
2011/08/01,00:00,11.879,10.862,10.471,5.773,5.622,0.773,0.586,-1.32,0
2011/09/01,00:00,12.666,10.698,10.35,5.603,5.486,0.622,0.399,-1.307,0
2011/10/01,00:00,12.696,10.927,10.534,5.822,5.693,0.852,0.521,-1.756,0
2011/11/01,00:00,12.742,10.544,10.11,5.439,5.322,0.534,0.163,-1.914,0
2011/12/01,00:00,12.512,10.317,9.868,5.317,5.214,0.56,0.173,-1.477,0
2012/01/01,00:00,12.774,10.366,9.805,5.238,5.132,0.458,0.078,-1.445,0
2012/02/01,00:00,11.567,10.334,9.851,5.245,5.138,0.425,0.166,-0.884,0
2012/03/01,00:00,11.278,10.229,9.874,5.311,5.197,0.521,0.222,-1.989,0
2012/04/01,00:00,12.355,10.524,10.219,5.596,5.466,0.714,0.409,-1.297,0
2012/05/01,00:00,12.338,10.557,10.143,5.455,5.322,0.501,0.114,-1.917,0
2012/06/01,00:00,13.578,11.042,10.557,5.852,5.731,0.904,0.524,-0.969,0
2012/07/01,00:00,12.486,10.849,10.337,5.619,5.494,0.652,0.337,-1.218,0
2012/08/01,00:00,11.954,10.734,10.274,5.58,5.44,0.606,0.347,-0.752,0
2012/09/01,00:00,11.803,10.393,10.061,5.458,5.329,0.596,0.376,-0.992,0
2012/10/01,00:00,12.899,10.622,10.271,5.704,5.593,0.914,0.57,-1.241,0
2012/11/01,00:00,12.686,10.711,10.271,5.583,5.46,0.649,0.229,-1.979,0
2012/12/01,00:00,12.961,10.747,10.291,5.662,5.553,0.816,0.409,-2.002,0
2013/01/01,00:00,12.545,10.288,9.838,5.163,5.05,0.261,-0.008,-1.806,0
2013/02/01,00:00,13.07,10.589,10.117,5.343,5.227,0.337,0.005,-1.386,0
2013/03/01,00:00,12.843,11.141,10.773,5.842,5.686,0.599,0.366,-1.317,0
2013/04/01,00:00,12.45,10.619,10.268,5.379,5.232,0.196,-0.106,-1.858,0
2013/05/01,00:00,12.811,10.681,10.314,5.439,5.296,0.278,-0.063,-1.832,0
2013/06/01,00:00,12.62,10.963,10.53,5.675,5.537,0.544,0.199,-1.897,0
2013/07/01,00:00,12.929,10.901,10.475,5.714,5.573,0.671,0.393,-1.245,0
2013/08/01,00:00,12.22,10.731,10.297,5.626,5.501,0.704,0.429,-1.418,0
2013/09/01,00:00,11.613,10.589,10.238,5.603,5.476,0.714,0.475,-1.041,0
2013/10/01,00:00,11.872,10.53,10.202,5.599,5.489,0.776,0.445,-0.677,0
2013/11/01,00:00,11.885,10.373,9.91,5.278,5.155,0.399,-0.011,-1.346,0
2013/12/01,00:00,12.578,10.612,10.101,5.291,5.171,0.242,-0.178,-2.38,0
2014/01/01,00:00,13.834,10.675,10.127,5.255,5.106,0.084,-0.31,-2.573,0
2014/02/01,00:00,11.892,10.383,9.927,5.13,5.01,0.094,-0.221,-2.56,0
2014/03/01,00:00,12.64,10.544,10.179,5.281,5.13,0.081,-0.139,-2.367,0
2014/04/01,00:00,12.338,10.714,10.363,5.478,5.327,0.291,0.015,-1.199,0
2014/05/01,00:00,11.849,10.868,10.452,5.649,5.498,0.544,0.166,-1.172,0
2014/06/01,00:00,12.522,10.845,10.393,5.655,5.501,0.609,0.265,-1.238,0
2014/07/01,00:00,12.414,10.724,10.261,5.53,5.379,0.498,0.229,-1.825,0
2014/08/01,00:00,12.332,10.721,10.334,5.619,5.473,0.612,0.432,-1.671,0
2014/09/01,00:00,12.158,10.655,10.271,5.537,5.404,0.537,0.347,-1.422,0
2014/10/01,00:00,12.335,10.957,10.589,5.839,5.731,0.872,0.609,-1.31,0
2014/11/01,00:00,12.259,10.747,10.307,5.511,5.391,0.475,0.114,-1.363,0
2014/12/01,00:00,12.335,10.793,10.36,5.517,5.409,0.458,0.114,-1.733,0
2015/01/01,00:00,13.611,10.445,9.953,5.212,5.086,0.219,-0.159,-1.858,0
2015/02/01,00:00,12.853,10.488,10.078,5.222,5.087,0.097,-0.195,-3.164,0
2015/03/01,00:00,12.273,10.019,9.74,4.976,4.859,-0.021,-0.244,-2.613,0
2015/04/01,00:00,12.515,10.425,10.13,5.334,5.191,0.252,-0.001,-1.983,0
2015/05/01,00:00,11.885,10.288,9.95,5.235,5.092,0.235,-0.057,-1.586,0
2015/06/01,00:00,11.485,10.606,10.189,5.494,5.357,0.524,0.209,-0.815,0
2015/07/01,00:00,11.784,10.901,10.461,5.717,5.575,0.688,0.422,-1.021,0
2015/08/01,00:00,12.056,10.806,10.448,5.609,5.45,0.452,0.268,-1.425,0
2015/09/01,00:00,12.433,10.629,10.35,5.593,5.455,0.56,0.366,-1.92,0
2015/10/01,00:00,12.663,10.763,10.455,5.655,5.535,0.616,0.353,-2.025,0
2015/11/01,00:00,11.675,10.399,10.074,5.366,5.248,0.422,0.042,-2.416,0
2015/12/01,00:00,12.003,10.484,10.078,5.439,5.329,0.58,0.176,-1.208,0
2016/01/01,00:00,12.348,10.589,10.17,5.527,5.42,0.671,0.353,-1.212,0
2016/02/01,00:00,12.978,10.609,10.189,5.389,5.256,0.324,0.038,-2.114,0
2016/03/01,00:00,12.164,10.402,10.107,5.425,5.286,0.465,0.186,-1.917,0
2016/04/01,00:00,12.794,10.573,10.317,5.54,5.399,0.481,0.163,-2.012,0
2016/05/01,00:00,13.011,10.701,10.357,5.527,5.401,0.445,0.097,-1.74,0
2016/06/01,00:00,12.939,10.908,10.491,5.622,5.486,0.481,0.127,-1.382,0
2016/07/01,00:00,11.862,10.898,10.432,5.586,5.455,0.478,0.156,-1.435,0
2016/08/01,00:00,11.587,10.698,10.268,5.491,5.363,0.458,0.176,-0.657,0
2016/09/01,00:00,11.787,10.668,10.32,5.596,5.47,0.619,0.35,-1.159,0
2016/10/01,00:00,12.811,10.662,10.33,5.678,5.568,0.806,0.501,-1.268,0
2016/11/01,00:00,12.82,10.57,10.196,5.566,5.46,0.724,0.366,-1.638,0
2016/12/01,00:00,12.794,10.55,10.081,5.399,5.296,0.511,0.081,-2.34,0
2017/01/01,00:00,11.977,10.635,10.117,5.425,5.289,0.461,0.104,-2.121,0
2017/02/01,00:00,12.676,10.711,10.284,5.501,5.376,0.468,0.245,-1.924,0
2017/03/01,00:00,12.263,10.452,10.078,5.196,5.042,0.005,-0.29,-1.684,0
2017/04/01,00:00,12.542,10.875,10.563,5.668,5.521,0.478,0.212,-2.029,0
2017/05/01,00:00,13.401,11.085,10.724,5.862,5.709,0.694,0.379,-1.455,0
2017/06/01,00:00,12.807,10.898,10.498,5.701,5.57,0.642,0.261,-1.671,0
2017/08/01,00:00,11.987,10.606,10.199,5.586,5.473,0.747,0.498,-1.012,0
2017/09/01,00:00,11.869,10.701,10.37,5.717,5.606,0.842,0.609,-0.431,0
2017/10/01,00:00,11.675,10.527,10.215,5.557,5.453,0.691,0.363,-0.857,0
2017/11/01,00:00,12.295,10.609,10.242,5.547,5.442,0.642,0.258,-1.422,0
2017/12/01,00:00,12.551,10.573,10.051,5.268,5.171,0.291,-0.119,-1.763,0
2018/01/01,00:00,15.163,10.616,10.074,5.133,5.001,-0.073,-0.405,-2.764,0
2018/02/01,00:00,12.515,10.274,9.855,5.091,4.981,0.107,-0.168,-2.678,0
2018/03/01,00:00,14.628,11.383,10.967,6.059,5.908,0.849,0.521,-1.261,0
2018/04/01,00:00,12.086,10.685,10.399,5.507,5.357,0.314,-0.031,-1.432,0
2018/05/01,00:00,12.187,10.744,10.32,5.524,5.379,0.439,0.048,-1.451,0
2018/06/01,00:00,12.902,10.957,10.491,5.727,5.598,0.704,0.297,-1.619,0
2018/07/01,00:00,12.443,10.721,10.229,5.511,5.361,0.494,0.15,-1.704,0
2018/08/01,00:00,12.555,10.822,10.406,5.701,5.568,0.731,0.498,-1.599,0
2018/09/01,00:00,12.522,10.829,10.468,5.724,5.599,0.734,0.534,-0.982,0
2018/10/01,00:00,12.528,10.842,10.442,5.721,5.611,0.78,0.481,-1.13,0
2018/11/01,00:00,13.014,10.819,10.357,5.589,5.494,0.632,0.179,-1.402,0
2018/12/01,00:00,12.601,10.79,10.314,5.553,5.476,0.639,0.215,-1.602,0
2019/01/01,00:00,13.103,10.665,10.192,5.504,5.401,0.609,0.261,-2.268,0
2019/02/01,00:00,12.414,10.35,9.953,5.222,5.112,0.271,-0.057,-2.488,0
2019/03/01,00:00,12.866,10.412,10.061,5.399,5.291,0.521,0.245,-1.619,0
2019/04/01,00:00,12.086,10.458,10.147,5.478,5.352,0.557,0.186,-1.235,0
2019/05/01,00:00,12.118,10.694,10.363,5.77,5.657,0.95,0.57,-0.733,0
2019/06/01,00:00,11.836,10.796,10.36,5.77,5.65,0.94,0.56,-0.441,0
2019/07/01,00:00,12.23,10.924,10.435,5.776,5.64,0.845,0.504,-0.992,0
2019/08/01,00:00,12.21,10.885,10.461,5.714,5.578,0.694,0.409,-1.425,0
2019/09/01,00:00,12.072,10.74,10.409,5.662,5.532,0.655,0.445,-1.54,0
2019/10/01,00:00,13.217,11.091,10.734,5.947,5.844,0.954,0.717,-1.136,0
2019/11/01,00:00,12.309,10.731,10.314,5.691,5.583,0.852,0.422,-1.074,0
2019/12/01,00:00,13.044,10.737,10.222,5.606,5.491,0.76,0.274,-1.724,0
2020/01/01,00:00,11.767,10.547,10.13,5.58,5.476,0.822,0.458,-1.205,0
2020/02/01,00:00,12.42,10.524,10.078,5.439,5.32,0.563,0.255,-1.97,0
2020/03/01,00:00,12.358,10.589,10.199,5.576,5.455,0.714,0.393,-1.786,0
2020/04/01,00:00,12.912,10.924,10.589,5.908,5.786,0.983,0.576,-1.254,0
2020/05/01,00:00,12.824,10.507,10.143,5.461,5.343,0.54,0.097,-2.376,0
2020/06/01,00:00,12.328,10.796,10.366,5.658,5.537,0.708,0.274,-1.13,0
2020/07/01,00:00,12.358,10.957,10.452,5.76,5.642,0.832,0.445,-0.493,0
2020/08/01,00:00,11.816,10.829,10.33,5.691,5.57,0.813,0.442,-1.12,0
2020/09/01,00:00,12.745,10.635,10.202,5.593,5.484,0.767,0.478,-1.1,0
2020/10/01,00:00,12.069,10.521,10.16,5.573,5.461,0.763,0.425,-1.648,0
2020/11/01,00:00,12.62,10.455,9.989,5.439,5.34,0.691,0.278,-1.737,0
2020/12/01,00:00,13.178,10.75,10.196,5.609,5.494,0.793,0.274,-2.281,0
2021/01/01,00:00,12.666,10.963,10.373,5.76,5.665,0.954,0.514,-1.153,0
2021/02/01,00:00,13.26,10.694,10.143,5.547,5.42,0.698,0.389,-1.343,0
2021/03/01,00:00,12.194,10.281,9.884,5.183,5.058,0.232,-0.086,-2.298,0
2021/04/01,00:00,12.902,10.78,10.389,5.675,5.553,0.714,0.357,-1.737,0
2021/05/01,00:00,12.184,10.504,10.055,5.429,5.301,0.544,0.127,-2.124,0
2021/06/01,00:00,12.108,10.586,10.104,5.511,5.386,0.671,0.235,-1.858,0
2021/07/01,00:00,12.207,10.776,10.307,5.767,5.649,0.993,0.662,-0.884,0
2021/08/01,00:00,12.276,10.691,10.196,5.721,5.616,1.039,0.76,-0.211,0
2021/09/01,00:00,11.449,10.622,10.209,5.734,5.622,1.036,0.79,-0.513,0
2021/10/01,00:00,11.964,10.895,10.524,6.072,5.983,1.446,1.105,-0.848,0
2021/11/01,00:00,12.318,10.658,10.215,5.652,5.57,0.924,0.465,-1.553,0
2021/12/01,00:00,12.407,10.58,10.058,5.468,5.363,0.668,0.229,-1.832,0
2022/01/01,00:00,13.093,10.757,10.127,5.491,5.386,0.645,0.17,-1.29,0
2022/02/01,00:00,12.026,10.196,9.671,5.058,4.95,0.229,-0.096,-1.648,0
2022/03/01,00:00,11.652,10.366,9.989,5.337,5.217,0.445,0.117,-1.153,0
2022/04/01,00:00,11.83,10.501,10.081,5.501,5.376,0.675,0.311,-1.602,0
2022/05/01,00:00,12.725,10.642,10.176,5.662,5.55,0.924,0.461,-1.287,0
2022/06/01,00:00,12.509,10.734,10.186,5.717,5.603,1.016,0.553,-1.55,0
2022/07/01,00:00,12.437,10.632,10.074,5.603,5.484,0.895,0.488,-1.464,0
2022/08/01,00:00,12.315,10.629,10.156,5.662,5.544,0.931,0.596,-1.218,0
2022/09/01,00:00,12.171,10.724,10.261,5.747,5.645,1.029,0.753,-0.657,0
2022/10/01,00:00,11.541,10.622,10.186,5.701,5.589,0.993,0.642,-0.631,0
2022/11/01,00:00,12.63,10.458,9.94,5.498,5.409,0.881,0.452,-1.402,0
2022/12/01,00:00,13.972,10.688,10.196,5.652,5.563,0.931,0.494,-2.324,0
2023/01/01,00:00,13.434,10.914,10.343,5.78,5.694,1.045,0.662,-1.73,0
2023/02/01,00:00,12.542,10.593,10.048,5.537,5.409,0.773,0.524,-1.592,0
2023/03/01,00:00,11.958,10.852,10.419,5.954,5.872,1.324,1.078,-1.294,0
2023/04/01,00:00,11.593,10.56,10.163,5.753,5.635,1.108,0.763,-0.962,0
2023/05/01,00:00,11.734,10.557,10.133,5.747,5.649,1.164,0.76,-0.513,0
2023/06/01,00:00,12.542,10.921,10.419,5.996,5.891,1.364,0.944,0.015,0
2023/07/01,00:00,12.443,10.898,10.353,5.865,5.75,1.15,0.76,-0.854,0
2023/08/01,00:00,12.466,10.872,10.36,5.793,5.675,0.99,0.678,-1.317,0
2023/09/01,00:00,12.355,10.888,10.475,5.845,5.731,0.986,0.753,-1.359,0
2023/10/01,00:00,12.273,11.065,10.668,6.078,5.97,1.269,0.934,-0.953,0
2023/11/01,00:00,12.131,10.691,10.248,5.852,5.77,1.288,0.836,-0.513,0
2023/12/01,00:00,12.594,10.783,10.255,5.796,5.701,1.147,0.658,-0.998,0
2024/01/01,00:00,14.408,11.029,10.471,5.983,5.888,1.305,0.885,-1.52,0
2024/02/01,00:00,13.296,11.023,10.511,5.954,5.858,1.206,0.878,-0.884,0
2024/03/01,00:00,13.45,10.678,10.238,5.78,5.668,1.098,0.727,-1.149,0
2024/04/01,00:00,13.293,10.973,10.573,6.003,5.891,1.213,0.803,-1.231,0