PassengerId,Survived,Pclass,Name,Sex,Age,SibSp,Parch,Ticket,Fare,Cabin,Embarked
36216,1,1,"Name36216, the Countess. Surname36216",female,67.0,0,0,S.O.C. 14879,71.45128510143583,,S
473416,1,1,"Name473416, Mr. Surname473416",male,38.0,1,1,349227,156.14510344155744,,C
20947,1,2,"Name20947, Miss. Surname20947",female,17.0,1,1,364851,41.38204855654086,A32,S
997547,0,3,"Name997547, Mr. Surname997547",male,33.0,2,0,A/5 21171,17.628383016463527,C22 C26,S
589387,0,3,"Name589387, Mrs. Surname589387",female,36.0,0,0,220367,16.661609223038273,,S
397429,1,3,"Name397429, Mr. Surname397429",male,25.0,0,0,3101295,19.1826603362119,F E69,S
120331,0,1,"Name120331, Dr. Surname120331",male,51.0,1,1,345774,116.0877930837328,E38,S
131394,0,3,"Name131394, Mr. Surname131394",male,,0,0,350060,12.3779035011844,,S
323709,1,1,"Name323709, Mrs. Surname323709",female,32.0,1,0,C.A. 37671,33.24950619359842,,C
982889,1,2,"Name982889, Miss. Surname982889",female,25.0,0,0,237736,17.57711981761586,D7,S
656085,0,1,"Name656085, Mr. Surname656085",male,57.0,0,0,A/5 3536,9.126308279973117,,S
641540,0,1,"Name641540, Mr. Surname641540",male,38.0,0,0,CA. 2314,79.11320712815862,,S
270932,1,1,"Name270932, Miss. Surname270932",female,21.0,1,2,350417,154.4948798591583,,S
885567,1,1,"Name885567, Miss. Surname885567",female,,0,1,370370,20.605865504724584,,C
483315,0,2,"Name483315, Mr. Surname483315",male,0.0,0,0,347077,5.428270200373425,,S
267284,0,2,"Name267284, Mr. Surname267284",male,30.0,0,0,2663,26.13104090332765,,S
821284,0,3,"Name821284, Mr. Surname821284",male,14.0,0,0,13502,9.456593527113467,C2,S
574485,0,3,"Name574485, Mr. Surname574485",male,,0,0,2686,10.699133931277716,E44,C
240495,1,3,"Name240495, Miss. Surname240495",female,32.0,0,1,2223,5.113625769318657,,S
707618,0,2,"Name707618, Mr. Surname707618",male,27.0,0,0,3101295,22.995286679087783,,S
36774,0,3,"Name36774, Miss. Surname36774",female,30.0,0,0,250655,21.20580278545167,,S
776079,1,2,"Name776079, Mrs. Surname776079",female,,2,3,14973,5.856049408767129,,S
771129,1,1,"Name771129, Miss. Surname771129",female,28.0,1,0,SC/Paris 2123,131.43081196788293,,C
722697,1,2,"Name722697, Master. Surname722697",female,11.0,0,2,349208,23.377196056847907,,S
296078,0,3,"Name296078, Mr. Surname296078",male,17.0,0,0,347088,6.142119203229921,D,S
733605,0,1,"Name733605, Mr. Surname733605",male,36.0,1,0,17466,106.0966697773586,,C
545842,1,2,"Name545842, Miss. Surname545842",female,,0,1,31027,21.809937039721977,,S
100546,1,3,"Name100546, Mr. Surname100546",male,31.0,0,0,113786,29.949882980828928,,S
863181,1,1,"Name863181, Miss. Surname863181",female,16.0,1,2,349227,212.4490412800957,,S
305632,0,3,"Name305632, Mr. Surname305632",male,,0,0,SOTON/OQ 392082,7.586366166140666,,S
969483,0,3,"Name969483, Mr. Surname969483",male,25.0,0,0,31418,16.842496306532507,,Q
804599,0,3,"Name804599, Mr. Surname804599",male,,0,0,336439,3.59630819849812,,S
971176,1,3,"Name971176, Col. Surname971176",male,26.0,1,1,315086,20.599227415994044,,C
356735,0,3,"Name356735, Mr. Surname356735",male,54.0,1,1,330877,28.378497408655964,,S
93679,0,1,"Name93679, Mr. Surname93679",male,,0,0,A/5. 851,0.0,,S
156748,0,3,"Name156748, Mr. Surname156748",male,,0,0,LINE,0.0,A26,S
634667,0,3,"Name634667, Mr. Surname634667",male,7.0,0,0,3101278,6.058973753516347,,S
570311,0,3,"Name570311, Mr. Surname570311",male,29.0,0,0,2628,8.634133488080483,,S
971382,0,3,"Name971382, Mr. Surname971382",male,23.0,0,0,392096,14.207814389401086,,S
669429,0,3,"Name669429, Miss. Surname669429",female,,0,0,3101265,17.59699336035823,,S
575871,0,3,"Name575871, Mr. Surname575871",male,41.0,8,2,250653,43.27516805866861,,S
424253,0,1,"Name424253, Mr. Surname424253",male,33.0,0,0,347061,30.05328701083589,,C
555942,0,3,"Name555942, Mr. Surname555942",male,30.0,0,0,19928,10.323578703325984,,C
820647,1,2,"Name820647, Master. Surname820647",female,,1,1,347054,25.398841076248928,,S
668213,1,1,"Name668213, Mr. Surname668213",male,54.0,2,0,A/5. 3336,88.60268888713014,E25,S
826195,0,3,"Name826195, Mr. Surname826195",male,26.0,0,0,364846,7.336740617894218,C99,S
735611,0,2,"Name735611, Mr. Surname735611",male,29.0,1,0,7540,39.17904592545814,,C
833903,0,3,"Name833903, Mlle. Surname833903",female,,0,0,345783,14.666836072391511,,S
371555,0,3,"Name371555, Miss. Surname371555",female,22.0,3,2,363592,22.47659395846168,,S
40963,1,1,"Name40963, Mr. Surname40963",male,13.0,0,0,250653,237.08413307724544,,C
548264,1,1,"Name548264, Mrs. Surname548264",female,49.0,0,0,374887,96.50444568740758,,S
249636,0,2,"Name249636, Rev. Surname249636",male,,0,0,323592,6.089246616811791,,S
446258,1,1,"Name446258, Miss. Surname446258",female,22.0,1,0,2690,40.41341131876945,,S
185168,0,3,"Name185168, Mr. Surname185168",male,22.0,0,0,347088,14.912344903949036,,C
224364,1,2,"Name224364, Miss. Surname224364",female,,1,1,335677,35.80193975990634,A7,S
696446,0,2,"Name696446, Mr. Surname696446",male,15.0,0,0,A/4. 39886,11.19460957514227,,S
932106,1,3,"Name932106, Mr. Surname932106",male,29.0,0,0,PC 17569,24.47482292895195,,S
252511,0,3,"Name252511, Mr. Surname252511",male,24.0,0,0,STON/O 2. 3101280,17.91017649277041,,S
464133,0,3,"Name464133, Mr. Surname464133",male,43.0,0,0,SOTON/OQ 3101317,6.393889865785792,,S
580566,0,3,"Name580566, Mr. Surname580566",male,14.0,1,0,29103,14.976618678637752,,S
592038,1,3,"Name592038, Master. Surname592038",female,0.0,0,1,364848,13.670051738976577,,S
377963,0,3,"Name377963, Mr. Surname377963",male,,0,0,P/PP 3381,4.481243645103786,,S
769309,0,2,"Name769309, Mr. Surname769309",male,42.0,0,0,2624,12.512093523655064,,S
152720,0,3,"Name152720, Mr. Surname152720",male,29.0,0,0,C.A. 33112,8.907130274941185,,S
965331,1,1,"Name965331, Mrs. Surname965331",female,55.0,1,0,STON/O 2. 3101289,12.944693378131438,,C
778811,1,3,"Name778811, Mrs. Surname778811",female,17.0,0,0,7534,12.209911812398408,,C
480896,1,1,"Name480896, Mr. Surname480896",male,20.0,0,0,2663,51.95194708883976,,S
365637,0,3,"Name365637, Mr. Surname365637",male,22.0,0,0,3101295,16.52391833913546,,C
86520,0,2,"Name86520, Mr. Surname86520",male,,0,0,3474,14.67294638049057,,S
745030,0,3,"Name745030, Mr. Surname745030",male,,0,0,C.A. 29395,12.641444851852109,C30,S
494238,0,2,"Name494238, Mr. Surname494238",male,,1,1,PC 17485,37.67544850596956,,S
92512,0,3,"Name92512, Mr. Surname92512",male,22.0,0,0,112052,1.2417199792093043,,S
919444,0,1,"Name919444, Mr. Surname919444",male,61.0,0,0,1601,86.17921703311933,,C
803235,0,3,"Name803235, Mr. Surname803235",male,19.0,5,2,113800,58.396994862390855,,S
830659,1,3,"Name830659, Mr. Surname830659",male,34.0,0,0,PC 17754,26.179550567464688,,S
219455,1,1,"Name219455, Mrs. Surname219455",female,34.0,0,0,345781,72.54939000315797,,C
986283,1,3,"Name986283, Master. Surname986283",female,,0,0,34218,18.185008539333865,B42,C
580181,1,3,"Name580181, Miss. Surname580181",female,33.0,0,0,113789,11.6682662506417,C92,Q
78786,1,2,"Name78786, Miss. Surname78786",female,33.0,0,0,A/5 21173,11.720575918945748,,S
863015,0,2,"Name863015, Mrs. Surname863015",female,28.0,1,0,19877,18.18256125484041,,S
828759,0,3,"Name828759, Mr. Surname828759",male,31.0,0,0,C.A. 29178,4.150675334895059,,S
649942,1,1,"Name649942, Mrs. Surname649942",female,,0,0,370370,58.29332155144816,F G73,C
618921,0,3,"Name618921, Mr. Surname618921",male,32.0,0,0,CA 2144,9.313900466409171,,S
9466,0,2,"Name9466, Miss. Surname9466",female,35.0,1,0,11765,21.68036241653762,,S
123474,0,3,"Name123474, Master. Surname123474",female,,1,1,237565,16.71801416360729,,C
271941,0,3,"Name271941, Mr. Surname271941",male,43.0,1,1,349209,12.869249886316794,,C
620308,0,3,"Name620308, Mr. Surname620308",male,,0,0,36568,7.779713060707898,C85,Q
355659,1,1,"Name355659, Miss. Surname355659",female,39.0,0,0,364512,226.30069594378563,,C
242132,0,3,"Name242132, Rev. Surname242132",male,22.0,0,0,PC 17558,8.249139106927904,,Q
283340,0,3,"Name283340, Master. Surname283340",female,9.0,0,0,2666,12.590372595313132,,S
225044,1,1,"Name225044, Miss. Surname225044",female,34.0,0,0,382649,0.0,,C
956323,0,1,"Name956323, Mr. Surname956323",male,31.0,1,0,STON/O 2. 3101269,63.92713921350677,,C
315772,0,2,"Name315772, Mr. Surname315772",male,22.0,0,0,3101281,22.70648030063327,,S
430203,1,1,"Name430203, Mr. Surname430203",male,,0,0,343276,84.43693576575983,,C
111548,0,3,"Name111548, Mr. Surname111548",male,23.0,0,0,CA 2144,13.678842780338956,E101,C
343417,0,3,"Name343417, Mr. Surname343417",male,31.0,0,0,234360,5.992522684197618,D36,S
604141,0,3,"Name604141, Mr. Surname604141",male,24.0,0,0,2649,5.737409322522988,,S
914187,1,1,"Name914187, Miss. Surname914187",female,43.0,1,0,CA. 2343,127.640771499302,,C
38825,1,3,"Name38825, Mrs. Surname38825",female,30.0,0,2,A./5. 3235,13.170249091709431,,S
483471,0,3,"Name483471, Mrs. Surname483471",female,16.0,0,0,35281,9.86602874707883,,S
809968,0,3,"Name809968, Mr. Surname809968",male,,0,0,350404,3.8658882329425945,,C
327106,0,2,"Name327106, Mr. Surname327106",male,,0,0,STON/O 2. 3101274,12.639593312254227,,S
541875,0,3,"Name541875, Master. Surname541875",female,1.0,4,2,2908,53.24400986367198,,S
291109,0,3,"Name291109, Mr. Surname291109",male,,0,0,S.P. 3464,0.4740956827067444,,Q
448859,0,3,"Name448859, Mr. Surname448859",male,,3,1,S.W./PP 752,1.654117474202213,B96 B98,S
861774,1,1,"Name861774, Mr. Surname861774",male,42.0,1,0,11668,0.0,,C
439998,1,2,"Name439998, Mr. Surname439998",male,8.0,1,1,112058,25.753210727354247,B51 B53 B55,S
474243,1,3,"Name474243, Mr. Surname474243",male,25.0,0,0,13507,42.44710669132266,,S
594159,1,3,"Name594159, Mr. Surname594159",male,13.0,0,0,SOTON/O.Q. 3101306,86.3964901963351,,C
205529,1,1,"Name205529, Mr. Surname205529",male,,1,2,2693,34.03671381875779,,S
700877,0,3,"Name700877, Mr. Surname700877",male,,0,0,C.A. 33595,9.848821013293422,,S
544081,0,2,"Name544081, Mr. Surname544081",male,21.0,0,0,315082,36.46968053250505,B51 B53 B55,S
890080,1,2,"Name890080, Miss. Surname890080",female,46.0,0,0,1601,14.200568306592585,,S
851588,0,3,"Name851588, Mr. Surname851588",male,29.0,0,0,2653,8.776170577886246,,Q
808844,0,2,"Name808844, Mr. Surname808844",male,,0,0,19988,20.6279368151143,,S
518132,0,3,"Name518132, Mr. Surname518132",male,33.0,0,0,S.O./P.P. 3,6.683108454638205,,S
933613,0,3,"Name933613, Mr. Surname933613",male,16.0,1,0,364849,10.0703970208279,,S
388069,0,2,"Name388069, Mr. Surname388069",male,21.0,0,0,SO/C 14885,23.724662361750287,B82 B84,S
5684,0,3,"Name5684, Mr. Surname5684",male,44.0,8,2,248698,55.33117349231848,,S
281182,0,2,"Name281182, Mr. Surname281182",male,33.0,0,0,SOTON/OQ 3101317,48.16710953918841,,S
263706,0,2,"Name263706, Mr. Surname263706",male,36.0,0,0,315037,9.796828841561988,C23 C25 C27,S
291377,1,3,"Name291377, Mr. Surname291377",male,,1,1,13567,13.239895229472609,,C
544825,0,3,"Name544825, Miss. Surname544825",female,40.0,0,0,345769,0.0,C82,Q
233097,0,2,"Name233097, Mr. Surname233097",male,16.0,0,0,A/5 2817,23.941998713122626,,S
992723,0,3,"Name992723, Mr. Surname992723",male,27.0,0,0,STON/O 2. 3101274,7.050470602672091,,S
975891,0,1,"Name975891, Mr. Surname975891",male,52.0,0,0,11771,81.1158768358496,,C
79999,1,3,"Name79999, Master. Surname79999",female,,0,2,19928,13.506875788488054,,S
36808,1,3,"Name36808, Miss. Surname36808",female,34.0,0,0,17465,9.36594803583642,E17,S
473162,0,3,"Name473162, Mr. Surname473162",male,43.0,1,0,237798,13.558314688637214,,Q
678043,0,3,"Name678043, Mr. Surname678043",male,25.0,2,0,STON/O 2. 3101285,21.25120148460616,,S
402344,0,3,"Name402344, Mr. Surname402344",male,23.0,0,0,237798,0.0,,S
48015,0,3,"Name48015, Miss. Surname48015",female,20.0,0,1,PC 17593,16.8518876565642,,S
947109,0,3,"Name947109, Mr. Surname947109",male,1.0,4,1,17463,34.315522673669065,,Q
790053,1,1,"Name790053, Miss. Surname790053",female,38.0,0,0,2678,67.48637226338401,,S
559020,1,3,"Name559020, Miss. Surname559020",female,49.0,0,0,CA. 2343,7.973855263477758,,S
126974,0,1,"Name126974, Mr. Surname126974",male,35.0,0,1,PC 17572,126.29588817896516,E46,S
567856,0,3,"Name567856, Mr. Surname567856",male,21.0,0,0,349912,8.789209986781344,,S
864809,0,3,"Name864809, Mr. Surname864809",male,29.0,0,0,349246,11.70034367849887,,S
872196,0,3,"Name872196, Mr. Surname872196",male,10.0,0,0,A.5. 18509,11.19511229259128,,S
33638,0,3,"Name33638, Mr. Surname33638",male,44.0,0,0,54636,3.268328253798647,,S
651207,1,3,"Name651207, Miss. Surname651207",female,32.0,0,0,347088,8.5833288433423,,Q
954444,0,3,"Name954444, Mr. Surname954444",male,,0,0,29105,10.608450837867885,C23 C25 C27,S
894862,0,3,"Name894862, Mr. Surname894862",male,30.0,0,0,2665,7.719686780293037,,S
12421,1,2,"Name12421, Miss. Surname12421",female,30.0,1,1,2620,12.684001504172304,,S
904567,0,3,"Name904567, Mr. Surname904567",male,,0,0,28220,17.43815161303944,,C
441010,1,1,"Name441010, Miss. Surname441010",female,,0,1,PC 17572,138.11683656499494,,C
470675,0,3,"Name470675, Mr. Surname470675",male,29.0,0,0,349207,12.86150050920587,,S
327338,0,3,"Name327338, Miss. Surname327338",female,,0,0,PC 17593,24.010602881426745,,S
6730,0,2,"Name6730, Mr. Surname6730",male,,0,0,1601,27.90813699794702,,S
663859,1,2,"Name663859, Mrs. Surname663859",female,38.0,0,0,27042,16.991665720166825,,S
860434,1,3,"Name860434, Master. Surname860434",female,12.0,0,0,19952,15.759556750519936,B96 B98,S
545938,0,3,"Name545938, Mr. Surname545938",male,39.0,0,0,2678,2.31009664553722,,S
135902,0,3,"Name135902, Mr. Surname135902",male,28.0,0,0,LINE,4.901272558578369,E10,S
679256,0,3,"Name679256, Mr. Surname679256",male,,0,0,350046,10.80228350637626,,S
336672,1,3,"Name336672, Mr. Surname336672",male,,1,1,PC 17596,33.2586759731775,,S
271044,0,2,"Name271044, Mr. Surname271044",male,34.0,0,0,2667,39.118516477372346,C101,S
736617,0,3,"Name736617, Mr. Surname736617",male,34.0,0,0,CA. 2343,2.4385361631710905,,S
814275,0,3,"Name814275, Miss. Surname814275",female,36.0,0,0,7267,10.175271533065622,,S
474724,0,3,"Name474724, Mr. Surname474724",male,26.0,0,0,W./C. 6607,10.74723992591348,,Q
627401,0,2,"Name627401, Mr. Surname627401",male,,0,0,2678,9.959798827294406,,S
874418,0,3,"Name874418, Mr. Surname874418",male,29.0,0,0,244252,9.276221650702958,C70,S
908728,0,3,"Name908728, Mr. Surname908728",male,42.0,0,0,1601,19.23642647542242,,S
958585,1,3,"Name958585, Mr. Surname958585",male,36.0,0,0,248740,107.30704646816685,,C
958137,0,3,"Name958137, Mr. Surname958137",male,,0,0,SC 1748,12.317313930953569,,S
730803,0,1,"Name730803, Mr. Surname730803",male,35.0,0,0,110465,0.0,,C
330294,0,2,"Name330294, Mr. Surname330294",male,28.0,0,0,SOTON/O2 3101272,6.214210614122373,,S
317215,1,2,"Name317215, Mrs. Surname317215",female,,1,0,PC 17605,19.761299815709734,,S
676731,1,2,"Name676731, Mr. Surname676731",male,,1,1,2671,18.991864082935976,,S
127135,0,3,"Name127135, Mr. Surname127135",male,18.0,0,0,C.A. 2315,11.40494198963273,,S
79725,1,3,"Name79725, Miss. Surname79725",female,24.0,0,0,112379,9.535955298374112,,Q
229470,0,1,"Name229470, Mr. Surname229470",male,55.0,0,0,250647,64.05308814888289,,S
925113,1,1,"Name925113, Mr. Surname925113",male,51.0,1,0,P/PP 3381,137.7455574632925,,C
994428,1,1,"Name994428, Mr. Surname994428",male,22.0,0,0,376564,10.9142137701672,,C
937699,0,3,"Name937699, Mr. Surname937699",male,30.0,0,0,349242,23.32706192937183,,S
93959,1,2,"Name93959, Miss. Surname93959",female,,1,0,26707,30.0353361062772,,S
226830,1,2,"Name226830, Mrs. Surname226830",female,24.0,1,1,347466,15.683145737497131,,S
384283,0,3,"Name384283, Miss. Surname384283",female,17.0,1,0,111426,13.48428896372976,,S
267745,0,2,"Name267745, Mr. Surname267745",male,33.0,0,0,349241,1.001534425364994,D33,S
137412,0,3,"Name137412, Miss. Surname137412",female,28.0,0,0,F.C.C. 13529,10.818757314940784,,Q
524417,0,3,"Name524417, Mrs. Surname524417",female,39.0,0,0,113572,0.0,F33,S
99184,0,3,"Name99184, Mr. Surname99184",male,16.0,0,0,9234,5.893975685106819,,Q
821700,1,1,"Name821700, Miss. Surname821700",female,,1,0,364849,93.09853066339365,E17,S
499887,0,2,"Name499887, Mr. Surname499887",male,37.0,1,0,113804,21.71326810526873,,S
876985,1,1,"Name876985, Mr. Surname876985",male,,1,2,W./C. 6609,148.27122286463387,D28,S
286425,1,1,"Name286425, Dr. Surname286425",female,54.0,0,1,244278,303.19412197113706,,C
73024,1,1,"Name73024, Mr. Surname73024",male,,0,0,350047,8.702909370807056,,S
711100,0,2,"Name711100, Mr. Surname711100",male,14.0,0,0,2662,6.036868932596047,B22,S
274682,0,3,"Name274682, Mr. Surname274682",male,18.0,0,0,113806,8.092429643803346,,S
928390,0,3,"Name928390, Mr. Surname928390",male,29.0,0,0,12460,13.274492546988894,,C
556746,1,1,"Name556746, Miss. Surname556746",female,41.0,1,1,2223,0.0,,C
560498,1,1,"Name560498, Miss. Surname560498",female,27.0,1,0,PC 17572,75.98777589815562,,S
631848,0,2,"Name631848, Mr. Surname631848",male,37.0,1,1,113786,38.42763057535376,,C
678803,1,1,"Name678803, Miss. Surname678803",female,31.0,1,0,11753,114.6199854365062,D17,C
765217,1,2,"Name765217, Miss. Surname765217",female,,0,0,C.A. 2673,11.86897582569858,C46,S
501411,0,3,"Name501411, Mr. Surname501411",male,29.0,0,0,PC 17761,8.044257375465545,,C
355363,0,3,"Name355363, Mr. Surname355363",male,21.0,0,0,367230,2.606035268446749,,S
696362,0,3,"Name696362, Mr. Surname696362",male,29.0,0,0,W.E.P. 5734,13.357818703951374,,S
525745,0,3,"Name525745, Mr. Surname525745",male,27.0,2,0,3411,14.161586453435362,,C
142045,0,3,"Name142045, Mr. Surname142045",male,38.0,0,0,36963,17.01559367698533,,S
135499,0,3,"Name135499, Mr. Surname135499",male,41.0,0,0,2651,3.953671344956616,,S
60476,0,3,"Name60476, Mr. Surname60476",male,18.0,0,0,244310,8.347083588977915,B18,S
108882,1,1,"Name108882, Mrs. Surname108882",female,24.0,0,0,330958,12.44076692337434,,C
252838,1,2,"Name252838, Miss. Surname252838",female,32.0,0,0,3101296,18.767880331136308,,S
874511,0,3,"Name874511, Master. Surname874511",female,9.0,0,0,WE/P 5735,0.0,,S
213824,0,3,"Name213824, Mr. Surname213824",male,,0,0,35281,18.553967256205908,,S
27799,0,3,"Name27799, Miss. Surname27799",female,32.0,5,2,349237,48.5944980732928,,S
30361,1,3,"Name30361, Mr. Surname30361",male,34.0,0,0,SW/PP 751,56.21565250693444,,S
736544,0,3,"Name736544, Mr. Surname736544",male,7.0,0,0,35273,10.697799084323188,,S
233399,0,3,"Name233399, Master. Surname233399",female,11.0,4,2,SOTON/O.Q. 3101307,10.84247737647354,,S
440031,0,3,"Name440031, Miss. Surname440031",female,29.0,0,0,STON/O 2. 3101269,10.353279007051473,,S
579199,0,2,"Name579199, Mr. Surname579199",male,48.0,1,2,36928,23.35332695991708,,S
664187,1,3,"Name664187, Mr. Surname664187",male,19.0,0,0,336439,19.35846016642164,D36,S
239491,1,3,"Name239491, Miss. Surname239491",female,37.0,0,2,2693,9.893138479339342,C2,C
199488,1,3,"Name199488, Major. Surname199488",male,,0,0,11967,27.40657563584445,,S
293460,0,1,"Name293460, Major. Surname293460",male,,0,0,315090,184.34361804000244,,C
357102,0,2,"Name357102, Miss. Surname357102",female,43.0,1,0,347742,23.160386845876843,,S
848161,1,1,"Name848161, Mrs. Surname848161",female,20.0,1,0,315088,94.43875398505917,,S
560288,0,1,"Name560288, Miss. Surname560288",female,53.0,0,0,PC 17572,59.692135020518336,C85,C
891406,1,3,"Name891406, Mr. Surname891406",male,19.0,0,0,SOTON/O2 3101287,17.282456476987853,,S
853850,1,3,"Name853850, Miss. Surname853850",female,26.0,1,0,2908,9.948260333136556,,Q
323665,0,2,"Name323665, Mr. Surname323665",male,29.0,0,0,2683,14.963987619720667,,C
2953,0,3,"Name2953, Mr. Surname2953",male,,0,0,248738,4.049311059203517,,S
292685,1,1,"Name292685, Mr. Surname292685",male,19.0,0,1,113788,353.70202272810457,E58,C
610460,0,1,"Name610460, Mr. Surname610460",male,40.0,1,0,PC 17754,35.04029429488653,,S
719839,0,3,"Name719839, Mr. Surname719839",male,43.0,0,0,WE/P 5735,20.663888021411584,,S
808579,0,3,"Name808579, Mr. Surname808579",male,,1,0,347077,13.716655145061887,,S
551039,1,1,"Name551039, Mrs. Surname551039",female,51.0,1,0,S.P. 3464,95.3299341584494,,S
287759,0,3,"Name287759, Mr. Surname287759",male,31.0,2,1,113773,18.94220756609064,,S
504463,0,3,"Name504463, Mr. Surname504463",male,29.0,0,0,C.A. 2315,2.5814707601499025,,S
277210,0,3,"Name277210, Mr. Surname277210",male,,0,0,113056,15.77928090131218,E63,S
964267,0,3,"Name964267, Mr. Surname964267",male,,0,0,231945,9.584342053216002,,S
704196,1,2,"Name704196, Mrs. Surname704196",female,16.0,0,0,236171,16.317094181128724,,S
884694,0,3,"Name884694, Miss. Surname884694",female,28.0,0,0,3101295,12.047156984340267,,S
680133,0,3,"Name680133, Mr. Surname680133",male,,0,0,113796,9.52339075246682,,C
853963,1,2,"Name853963, Miss. Surname853963",female,37.0,0,0,35281,6.877669690698056,,S
198065,0,3,"Name198065, Miss. Surname198065",female,,0,0,S.P. 3464,5.260888881231699,,S
663402,0,3,"Name663402, Mr. Surname663402",male,22.0,0,0,PC 17569,7.68195438145404,,S
129759,0,2,"Name129759, Mr. Surname129759",male,24.0,0,0,112052,26.420507986464585,,S
615393,0,3,"Name615393, Mr. Surname615393",male,34.0,0,0,349204,8.859524577987207,,S
494030,1,3,"Name494030, Mr. Surname494030",male,24.0,0,0,349204,134.53539940253046,,C
964319,1,1,"Name964319, Miss. Surname964319",female,52.0,1,0,36967,70.79730051588062,,S
990910,1,2,"Name990910, Miss. Surname990910",female,36.0,0,0,19950,11.347670239659308,,S
999533,1,2,"Name999533, Master. Surname999533",female,5.0,1,1,349227,38.95729260239411,C22 C26,S
367671,1,2,"Name367671, Mr. Surname367671",male,11.0,1,0,315088,30.995638355915187,,S
76968,0,3,"Name76968, Miss. Surname76968",female,27.0,0,5,S.O.C. 14879,25.82642328008705,,S
199622,1,3,"Name199622, Mr. Surname199622",male,,0,0,C.A. 31921,29.007144290994265,A24,S
959775,1,3,"Name959775, Mr. Surname959775",male,,0,0,382652,0.0,,C
642892,1,2,"Name642892, Master. Surname642892",female,0.0,0,2,S.C./PARIS 2079,26.60961367143021,A14,S
945041,0,3,"Name945041, Mr. Surname945041",male,23.0,0,0,A/4 45380,13.992773835824895,,S
108372,1,1,"Name108372, Mrs. Surname108372",female,33.0,2,2,347468,113.47250528611688,E31,C
349011,1,2,"Name349011, Mrs. Surname349011",female,,0,1,237442,25.93492830861348,,S
598522,0,3,"Name598522, Mrs. Surname598522",female,23.0,0,0,110564,4.888141851312784,,S
945482,0,3,"Name945482, Mr. Surname945482",male,39.0,0,0,PC 17604,11.469940621335931,,S
134466,1,3,"Name134466, Miss. Surname134466",female,,0,0,244278,6.523369036822132,,S
185152,0,2,"Name185152, Mr. Surname185152",male,15.0,0,0,349209,6.123993526612574,,S
871184,0,2,"Name871184, Mr. Surname871184",male,32.0,0,0,SOTON/O.Q. 3101306,0.0,,S
704838,0,3,"Name704838, Mr. Surname704838",male,,1,4,PC 17609,33.51957993529043,C30,S
968857,0,1,"Name968857, Mr. Surname968857",male,4.0,0,0,2663,103.8047776013324,,C
4891,0,3,"Name4891, Mr. Surname4891",male,,0,0,347470,10.136601704701192,,S
729579,0,3,"Name729579, Mr. Surname729579",male,25.0,0,0,PC 17601,9.296331290150016,,S
136112,0,3,"Name136112, Mr. Surname136112",male,34.0,0,0,CA. 2314,14.3778450700268,,S
18360,0,1,"Name18360, Mr. Surname18360",male,32.0,0,0,248738,0.0,,C
658096,0,3,"Name658096, Mr. Surname658096",male,37.0,8,2,349253,37.22246655017422,,S
752525,1,2,"Name752525, Miss. Surname752525",female,23.0,0,1,349217,24.08789774993374,,S
875311,0,2,"Name875311, Mr. Surname875311",male,43.0,0,0,31027,31.337433252910834,,S
552265,0,2,"Name552265, Mr. Surname552265",male,40.0,0,0,250649,12.35028159752108,E101,S
304266,1,1,"Name304266, Mr. Surname304266",male,24.0,0,0,W./C. 6607,0.0,D56,S
891299,0,3,"Name891299, Mr. Surname891299",male,24.0,0,0,347088,3.2434481984217927,A32,C
309431,0,3,"Name309431, Mr. Surname309431",male,29.0,0,0,113505,13.754389501497585,B20,S
241846,0,3,"Name241846, Mr. Surname241846",male,29.0,0,0,A/4 45380,10.420559390632576,,C
598952,0,3,"Name598952, Mr. Surname598952",male,39.0,0,0,C.A. 33112,5.275598998733035,,S
199709,0,3,"Name199709, Master. Surname199709",female,8.0,3,1,349242,23.53802031507296,C78,S
776296,0,3,"Name776296, Mr. Surname776296",male,,0,0,386525,9.774269613739603,,S
153963,0,3,"Name153963, Mr. Surname153963",male,12.0,0,0,237442,9.673880569192432,,S
842297,0,1,"Name842297, Mr. Surname842297",male,58.0,0,1,3101298,112.22471160435984,,S
289566,1,2,"Name289566, Miss. Surname289566",female,14.0,1,2,A/5. 2151,52.61327142929788,,S
611278,0,3,"Name611278, Mr. Surname611278",male,0.0,4,1,3101295,29.72723788697012,,Q
80751,1,1,"Name80751, Mrs. Surname80751",female,20.0,1,0,371362,108.28264511977598,,C
461343,0,3,"Name461343, Mr. Surname461343",male,29.0,0,0,PC 17572,4.4670742395142735,,S
853114,0,3,"Name853114, Mr. Surname853114",male,27.0,0,0,11752,8.255552162304074,,S
835597,0,3,"Name835597, Mr. Surname835597",male,25.0,0,0,PC 17485,10.72198930400872,,C
903653,1,3,"Name903653, Miss. Surname903653",female,29.0,1,0,347089,21.96717562964371,,S
898805,0,3,"Name898805, Mr. Surname898805",male,14.0,0,0,PC 17569,1.361998432882574,,S
796756,0,2,"Name796756, Mr. Surname796756",male,,0,0,28220,0.0,,S
444999,0,2,"Name444999, Mr. Surname444999",male,42.0,0,0,31027,8.325273941620976,,C
811610,1,1,"Name811610, Ms. Surname811610",female,33.0,0,0,243880,157.25460094593353,,C
270066,1,3,"Name270066, Miss. Surname270066",female,34.0,1,0,STON/O 2. 3101293,19.524525727919244,,S
653900,0,3,"Name653900, Mr. Surname653900",male,41.0,0,0,PC 17758,9.709430807543498,,S
785388,1,1,"Name785388, Mr. Surname785388",male,45.0,1,0,19996,0.0,C22 C26,C
513410,1,1,"Name513410, Miss. Surname513410",female,,0,0,113804,229.8461041646486,,C
634832,0,3,"Name634832, Mr. Surname634832",male,27.0,0,0,17421,3.0935281569747985,,S
856454,0,1,"Name856454, Mr. Surname856454",male,,0,0,C 7075,88.40976276680895,,C
613506,0,3,"Name613506, Mr. Surname613506",male,24.0,0,0,347466,1.7282538106107508,,S
383726,1,3,"Name383726, Mrs. Surname383726",female,17.0,1,0,4133,11.080186176687414,,Q
41364,1,2,"Name41364, Mr. Surname41364",male,21.0,1,0,LINE,23.811065003071867,,S
325347,0,3,"Name325347, Mr. Surname325347",male,28.0,0,0,7540,11.656155938390942,C32,Q
288721,0,3,"Name288721, Mr. Surname288721",male,,0,0,27267,11.31814174553531,,Q
816759,0,3,"Name816759, Mr. Surname816759",male,31.0,0,0,315096,9.46880189442742,,S
222038,1,1,"Name222038, Mr. Surname222038",male,44.0,1,0,349203,77.05383773495309,,S
983127,0,3,"Name983127, Mr. Surname983127",male,,0,0,29108,14.449636985654218,,S
845350,0,3,"Name845350, Master. Surname845350",female,4.0,3,2,WE/P 5735,40.510277607992656,,S
58926,0,3,"Name58926, Mr. Surname58926",male,,0,0,4138,9.010162082613231,,S
613008,1,1,"Name613008, Miss. Surname613008",female,49.0,1,1,347087,0.0,,C
933656,0,3,"Name933656, Mr. Surname933656",male,39.0,0,0,P/PP 3381,15.62286193919378,,S
503837,0,3,"Name503837, Mr. Surname503837",male,,0,0,PC 17754,1.949456255237495,B86,S
547288,0,3,"Name547288, Miss. Surname547288",female,41.0,3,1,PC 17485,29.32813855575532,C87,Q
90394,0,3,"Name90394, Mr. Surname90394",male,12.0,0,0,24160,3.6922710805290846,,S
662186,1,1,"Name662186, Mrs. Surname662186",female,36.0,0,0,113051,31.73779517371304,,S
328220,0,1,"Name328220, Mr. Surname328220",male,41.0,0,0,347088,0.0,D7,S
596854,1,1,"Name596854, Miss. Surname596854",female,24.0,0,1,3101267,79.26517606594261,,S
958401,0,1,"Name958401, Mr. Surname958401",male,35.0,0,0,367231,17.162400966184787,,S
679355,1,1,"Name679355, Mrs. Surname679355",female,26.0,3,2,PC 17599,311.10641262585835,,S
804904,0,3,"Name804904, Mr. Surname804904",male,17.0,1,1,349216,23.26211685346768,E24,S
106735,0,3,"Name106735, Mr. Surname106735",male,25.0,0,0,SC/PARIS 2146,17.79804834922686,,S
340412,0,3,"Name340412, Mr. Surname340412",male,27.0,2,0,36866,22.483532638349047,,S
589718,1,1,"Name589718, Dr. Surname589718",male,,0,0,21440,176.7998892432659,,C
821577,0,1,"Name821577, Mr. Surname821577",male,35.0,0,0,19947,60.659276894881,,S
429558,1,2,"Name429558, Miss. Surname429558",female,,1,2,250647,31.241435613414584,,S
813779,1,2,"Name813779, Miss. Surname813779",female,24.0,1,0,350052,30.31897303060804,,C
378963,0,1,"Name378963, Mr. Surname378963",male,,0,0,113789,51.44499504033856,,S
389387,0,3,"Name389387, Mr. Surname389387",male,29.0,0,0,392091,6.761842804147303,,Q
281699,0,3,"Name281699, Mr. Surname281699",male,14.0,0,0,C.A. 31921,0.5798404203644945,,S
207062,0,3,"Name207062, Mr. Surname207062",male,30.0,0,0,112059,8.202213874236676,,S
839412,0,3,"Name839412, Mr. Surname839412",male,27.0,0,0,349204,14.600218838796591,,S
791046,1,3,"Name791046, Miss. Surname791046",female,17.0,0,0,S.C./PARIS 2079,12.02539805280025,,Q
119641,1,2,"Name119641, Miss. Surname119641",female,33.0,1,2,315098,54.32334124640224,F G73,S
894948,0,3,"Name894948, Mr. Surname894948",male,43.0,0,0,24160,8.89064021850052,,S
577535,0,3,"Name577535, Mr. Surname577535",male,,0,0,F.C.C. 13528,8.780196075951102,,S
256425,1,3,"Name256425, Miss. Surname256425",female,32.0,1,1,239854,17.522771184812648,,C
672531,1,3,"Name672531, Mrs. Surname672531",female,28.0,1,0,P/PP 3381,18.953827857296396,D20,Q
134246,0,3,"Name134246, Capt. Surname134246",male,25.0,0,0,244278,7.580208095974397,D26,C
631473,0,3,"Name631473, Mr. Surname631473",male,28.0,0,0,W.E.P. 5734,4.102642778738609,,S
877736,0,3,"Name877736, Mr. Surname877736",male,41.0,0,0,382652,12.874575504729831,,Q
526159,0,1,"Name526159, Mr. Surname526159",male,61.0,0,0,347082,11.04849586401494,,S
694772,0,3,"Name694772, Miss. Surname694772",female,46.0,1,0,PC 17569,11.366461597099503,A36,S
60700,1,2,"Name60700, Mrs. Surname60700",female,,0,0,LINE,15.035739063522607,D56,S
730078,1,1,"Name730078, Mr. Surname730078",male,15.0,3,2,349217,245.47081149380804,,S
212563,1,3,"Name212563, Mr. Surname212563",male,18.0,1,1,PC 17611,25.59001267721424,,C
620001,1,2,"Name620001, Mrs. Surname620001",female,39.0,1,1,W./C. 6607,18.928159714980204,C22 C26,S
919050,0,3,"Name919050, Mr. Surname919050",male,34.0,0,0,349227,4.892304918660417,,C
864397,0,3,"Name864397, Mr. Surname864397",male,,0,0,F.C.C. 13528,9.73240316195545,,S
458896,0,3,"Name458896, Mr. Surname458896",male,26.0,0,0,11668,5.870443054136306,C126,S
802598,0,3,"Name802598, Mr. Surname802598",male,23.0,0,0,113794,10.949893075861985,,C
742195,0,3,"Name742195, Mr. Surname742195",male,,1,0,13214,28.1199903691137,,S
857365,0,1,"Name857365, Mr. Surname857365",male,,0,0,2908,52.45121836863414,A31,S
661524,0,3,"Name661524, Mr. Surname661524",male,39.0,0,0,345773,5.554811175815541,,C
709599,0,3,"Name709599, Mr. Surname709599",male,17.0,8,2,LINE,40.92048982452228,,S
466349,1,3,"Name466349, Mr. Surname466349",male,,0,0,1601,31.225061563240157,,S
553984,0,2,"Name553984, Mr. Surname553984",male,42.0,0,0,345763,28.29401461712726,,S
425508,0,3,"Name425508, Master. Surname425508",male,,4,1,28403,32.55753968658448,,Q
112932,0,3,"Name112932, Master. Surname112932",female,0.0,1,1,392096,10.217231050226925,,C
5749,1,1,"Name5749, Mrs. Surname5749",female,42.0,1,0,113050,75.64387958221236,,C
833396,0,3,"Name833396, Mr. Surname833396",male,19.0,0,0,2629,17.146333172040112,,S
868230,0,2,"Name868230, Mr. Surname868230",male,,0,0,367229,46.42031829688664,,S
9594,0,3,"Name9594, Mr. Surname9594",male,36.0,0,0,237442,12.589651028813984,,S
482978,1,3,"Name482978, Miss. Surname482978",female,27.0,0,2,7540,10.62217361232521,,C
378187,0,1,"Name378187, Mr. Surname378187",male,,1,0,11755,76.42464712425223,,C
584020,0,2,"Name584020, Mr. Surname584020",male,,1,0,349243,52.9150486156047,,S
273795,1,1,"Name273795, Mrs. Surname273795",female,45.0,0,0,364511,166.7135681241438,D33,C
503790,0,3,"Name503790, Mr. Surname503790",male,24.0,0,0,237789,13.098443862559034,,C
965842,0,3,"Name965842, Mr. Surname965842",male,,0,0,19996,8.188056926048002,E44,S
246028,1,1,"Name246028, Mr. Surname246028",male,48.0,1,0,112053,53.359986399342034,,S
765633,1,1,"Name765633, Miss. Surname765633",female,35.0,0,0,CA 2144,83.95181547804695,C23 C25 C27,S
412867,0,2,"Name412867, Mr. Surname412867",male,,0,0,349215,16.28994470772461,A32,S
923827,1,1,"Name923827, Mr. Surname923827",male,,1,0,29104,30.74955279667202,,S
251848,0,2,"Name251848, Mr. Surname251848",male,25.0,0,0,PC 17758,20.906008044769877,,S
459212,0,3,"Name459212, Mr. Surname459212",male,13.0,5,2,367230,63.83552733772343,B19,S
947572,0,3,"Name947572, Mrs. Surname947572",female,27.0,0,0,239865,19.76005942185169,,S
440417,1,1,"Name440417, Miss. Surname440417",female,45.0,1,1,C.A. 2315,103.14190471574632,D15,S
987497,0,3,"Name987497, Mr. Surname987497",male,17.0,1,1,W/C 14208,27.852050476466395,,S
760216,0,3,"Name760216, Master. Surname760216",female,,3,2,323951,15.480544572996008,,S
461251,0,2,"Name461251, Don. Surname461251",male,18.0,2,0,S.O.C. 14879,62.22089611008101,,S
215663,0,2,"Name215663, Mr. Surname215663",male,48.0,0,0,65304,0.0,A32,S
991053,0,3,"Name991053, Mr. Surname991053",male,7.0,4,1,345780,37.45535666745918,,S
932838,0,1,"Name932838, Mr. Surname932838",male,47.0,0,0,C.A. 29566,73.71456186251368,,C
614815,0,2,"Name614815, Mr. Surname614815",male,30.0,1,0,PC 17761,0.0,,C
916571,0,1,"Name916571, Mr. Surname916571",male,,0,0,2648,0.9380833082736142,,S
954585,0,2,"Name954585, Mr. Surname954585",male,37.0,0,0,SOTON/OQ 392089,0.0,,S
921847,0,3,"Name921847, Mr. Surname921847",male,,0,0,24160,14.043078623145655,,S
412188,1,2,"Name412188, Mrs. Surname412188",female,,0,2,PC 17760,18.31270354387992,F G73,S
766683,1,2,"Name766683, Mr. Surname766683",male,7.0,0,0,110564,24.65483001348312,,S
190083,1,1,"Name190083, Mrs. Surname190083",female,45.0,0,0,237736,88.61559755207429,,C
379547,0,3,"Name379547, Mr. Surname379547",male,2.0,3,1,237789,18.93629018920413,,S
683966,1,3,"Name683966, Mr. Surname683966",male,36.0,1,0,4136,20.55683251805793,,S
328487,1,3,"Name328487, Miss. Surname328487",female,29.0,0,0,24160,5.87142714520192,D36,S
813399,0,2,"Name813399, Mr. Surname813399",male,23.0,0,0,19996,0.0,,S
830488,1,1,"Name830488, Mrs. Surname830488",female,40.0,0,0,350042,78.76529695978977,C92,C
951142,0,3,"Name951142, Miss. Surname951142",female,29.0,0,0,2683,11.55409491199678,,S
102396,1,1,"Name102396, Mr. Surname102396",male,47.0,0,0,111428,0.0,,C
193036,0,3,"Name193036, Mr. Surname193036",male,34.0,0,0,CA 2144,6.133876352741093,,S
443263,0,3,"Name443263, Mr. Surname443263",male,22.0,0,0,35281,5.24370683216941,,Q
77016,1,1,"Name77016, Mrs. Surname77016",female,48.0,1,0,2664,64.15347862552025,,S
335024,0,3,"Name335024, Mr. Surname335024",male,44.0,0,0,4137,0.0,,S
931671,0,3,"Name931671, Mr. Surname931671",male,35.0,0,0,C.A. 29566,12.506401310922264,,C
428205,1,2,"Name428205, Miss. Surname428205",female,,0,0,35281,9.405383136789494,,S
366041,1,1,"Name366041, Miss. Surname366041",female,39.0,1,0,113804,57.876202420774014,C78,S
626181,0,3,"Name626181, Mr. Surname626181",male,4.0,4,1,1601,29.204256925466503,B3,Q
178565,0,3,"Name178565, Mr. Surname178565",male,,0,0,237798,5.842648049803735,E101,S
996032,0,1,"Name996032, Mr. Surname996032",male,40.0,1,1,PP 9549,75.03910752781982,,C
459914,0,3,"Name459914, Mr. Surname459914",male,37.0,0,0,A./5. 2152,6.87979372045988,,S
234359,0,3,"Name234359, Mr. Surname234359",male,,0,0,110152,8.274557668829834,,S
682610,1,1,"Name682610, Miss. Surname682610",female,38.0,0,0,315090,126.89115778163028,,C
674596,0,3,"Name674596, Master. Surname674596",female,11.0,0,0,345770,5.66877229873713,,Q
707072,0,3,"Name707072, Mr. Surname707072",male,37.0,0,0,3101281,2.908847159375731,,S
84875,1,2,"Name84875, Miss. Surname84875",female,42.0,1,1,28134,29.559106002483222,,S
413676,1,1,"Name413676, Mr. Surname413676",male,39.0,1,0,S.O.P. 1166,68.5137235748293,D46,S
319771,0,3,"Name319771, Mr. Surname319771",male,41.0,2,0,113055,12.539524832093363,,C
651388,1,1,"Name651388, Mr. Surname651388",male,42.0,0,0,349218,14.366331053716022,G6,S
413823,0,3,"Name413823, Mr. Surname413823",male,29.0,0,0,STON/O2. 3101282,4.586936400260818,,Q
415557,0,3,"Name415557, Mr. Surname415557",male,,0,0,345764,24.16912472590661,D,S
921779,1,1,"Name921779, Mr. Surname921779",male,,3,2,113760,262.185596676882,,S
412790,0,3,"Name412790, Mr. Surname412790",male,,1,1,363592,16.13179169041177,,S
523304,0,3,"Name523304, Mr. Surname523304",male,32.0,0,0,345765,1.675692478354916,A5,S
404906,0,2,"Name404906, Mr. Surname404906",male,,0,0,19928,14.645874042235086,,S
5582,1,1,"Name5582, Mr. Surname5582",male,35.0,0,0,695,0.0,,C
48006,1,1,"Name48006, Mr. Surname48006",male,10.0,0,0,12233,9.221960160630845,,S
898114,0,1,"Name898114, Mr. Surname898114",male,,0,0,S.W./PP 752,13.737474109318672,,S
482729,0,3,"Name482729, Master. Surname482729",female,3.0,4,2,2627,29.082180010480048,,S
970631,1,3,"Name970631, Miss. Surname970631",female,40.0,1,0,A/5 2817,27.153965865519982,,Q
652563,1,1,"Name652563, Miss. Surname652563",female,,0,1,248738,51.85741758840552,C62 C64,S
591399,0,3,"Name591399, Mr. Surname591399",male,20.0,0,0,27849,14.9978287556227,,S
124662,0,3,"Name124662, Mr. Surname124662",male,14.0,0,0,28403,4.43133959702445,,Q
651576,1,1,"Name651576, Miss. Surname651576",female,27.0,1,0,S.W./PP 752,78.86655523449204,,S
677126,1,3,"Name677126, Mrs. Surname677126",female,16.0,1,0,345773,5.473433773735082,,C
120524,0,3,"Name120524, Mr. Surname120524",male,32.0,0,0,SOTON/OQ 3101316,8.136611652401674,,C
400265,1,1,"Name400265, Miss. Surname400265",female,43.0,0,0,347088,63.68666434340422,,C
672687,0,2,"Name672687, Rev. Surname672687",male,62.0,0,0,113501,36.03026536656208,,S
307848,0,3,"Name307848, Miss. Surname307848",female,16.0,0,1,342826,13.519750909829554,,S
226320,0,3,"Name226320, Mr. Surname226320",male,21.0,0,0,347073,4.653494499648619,,S
273143,0,3,"Name273143, Mr. Surname273143",male,32.0,0,0,A/4 45380,10.934676762537642,,S
345374,0,3,"Name345374, Mr. Surname345374",male,5.0,0,0,2665,9.898825225499268,,S
485460,0,1,"Name485460, Mr. Surname485460",male,36.0,0,0,S.O./P.P. 751,96.76857209141512,,C
73972,0,3,"Name73972, Mrs. Surname73972",female,,0,0,368323,7.522893951106034,,Q
162556,0,3,"Name162556, Mr. Surname162556",male,27.0,0,0,SOTON/OQ 392076,1.5918859616289944,,S
236837,0,1,"Name236837, Mr. Surname236837",male,39.0,1,1,349205,111.1555351406892,,S
126285,0,3,"Name126285, Mr. Surname126285",male,36.0,1,2,113767,30.97999307849501,,S
825979,0,2,"Name825979, Mr. Surname825979",male,22.0,1,0,11752,10.907302854541204,,S
900943,1,3,"Name900943, Mr. Surname900943",male,,0,0,347071,14.699727969118474,,S
865906,0,3,"Name865906, Mr. Surname865906",male,,0,0,239853,9.884187845168418,,Q
818268,1,1,"Name818268, Mrs. Surname818268",female,38.0,0,1,W./C. 6608,100.16991668394652,E33,C
769979,1,3,"Name769979, Master. Surname769979",male,11.0,1,1,2668,26.13210746520228,,S
394147,1,2,"Name394147, Miss. Surname394147",female,,1,0,250649,24.445643807980485,,S
133861,1,1,"Name133861, Miss. Surname133861",female,34.0,0,1,SOTON/O.Q. 3101311,99.74972039359194,,S
819083,0,3,"Name819083, Mr. Surname819083",male,12.0,0,0,220367,13.876033923401025,,S
624611,0,3,"Name624611, Mr. Surname624611",male,25.0,0,0,220367,10.622200465844642,,C
522934,0,3,"Name522934, Mr. Surname522934",male,26.0,2,0,29011,6.646301315763822,,S
1000336,0,3,"Name1000336, the Countess. Surname1000336",female,28.0,0,0,PC 17756,12.742378803682788,,S
798501,1,1,"Name798501, Miss. Surname798501",female,23.0,0,1,347468,0.0,,C
929382,1,3,"Name929382, Miss. Surname929382",female,13.0,0,0,SC/PARIS 2131,8.249338994492657,,S
289254,0,3,"Name289254, Mr. Surname289254",male,,1,0,693,22.04851328645022,,S
372384,0,3,"Name372384, Mr. Surname372384",male,21.0,1,0,PC 17599,3.018094491616817,,S
444146,0,3,"Name444146, Col. Surname444146",male,16.0,0,0,248727,1.3907842597085214,,S
565247,1,1,"Name565247, Mr. Surname565247",male,43.0,1,0,347054,28.445833258717105,C104,S
474889,0,3,"Name474889, Col. Surname474889",male,,0,0,370129,8.244251836067392,,Q
469648,0,3,"Name469648, Mr. Surname469648",male,23.0,0,0,367226,9.290130717574227,,S
943335,0,2,"Name943335, Mr. Surname943335",male,9.0,0,0,PC 17604,15.64092924235915,,S
364791,1,1,"Name364791, Mrs. Surname364791",female,24.0,0,0,363291,77.78989359431931,D37,C
78012,0,3,"Name78012, Master. Surname78012",female,,0,0,PC 17758,7.231951798798491,,C
73923,1,1,"Name73923, Miss. Surname73923",female,43.0,0,1,A./5. 2152,198.3308372476445,,C
660854,0,3,"Name660854, Mr. Surname660854",male,32.0,0,0,237798,13.539963609025031,,Q
790860,0,3,"Name790860, Mr. Surname790860",male,35.0,0,0,343120,0.0,,S
881889,1,1,"Name881889, Mr. Surname881889",male,17.0,1,2,PC 17755,115.6273654930047,,S
104376,0,3,"Name104376, Mr. Surname104376",male,,0,0,LINE,16.76073924180194,D20,S
659047,0,3,"Name659047, Mr. Surname659047",male,41.0,1,2,345779,32.49836244124909,D50,S
370545,1,1,"Name370545, Master. Surname370545",female,2.0,0,0,362316,10.987660691303278,,C
637188,0,3,"Name637188, Mr. Surname637188",male,41.0,0,0,382652,0.5199756144664864,B38,S
238742,1,2,"Name238742, Master. Surname238742",female,11.0,0,2,STON/O 2. 3101294,18.67855626794264,,S
286398,0,2,"Name286398, Mr. Surname286398",male,,0,0,2677,46.590857203367854,,S
535529,0,1,"Name535529, Mr. Surname535529",male,,0,0,312993,44.24187143891727,E33,C
804996,1,1,"Name804996, Mrs. Surname804996",female,25.0,0,0,113760,27.48104234746676,,C
708492,1,1,"Name708492, Master. Surname708492",female,8.0,1,2,347073,152.65503013021362,,S
379587,1,3,"Name379587, Mrs. Surname379587",female,16.0,1,0,347071,11.5713569222652,B51 B53 B55,C
368923,1,1,"Name368923, Miss. Surname368923",female,50.0,1,0,211536,110.77661663162569,,C
767779,0,3,"Name767779, Mr. Surname767779",male,28.0,0,0,19972,4.2850148940206205,,S
299084,0,2,"Name299084, Mr. Surname299084",male,,0,0,2700,16.375380319301154,,S
1859,1,3,"Name1859, Miss. Surname1859",female,25.0,0,0,312993,9.643828088791349,A7,Q
849518,0,2,"Name849518, Mr. Surname849518",male,38.0,1,0,113514,26.122260104172497,,S
216071,0,2,"Name216071, Mr. Surname216071",male,36.0,0,0,349222,19.716060919715627,A19,S
318631,0,3,"Name318631, Mr. Surname318631",male,36.0,0,0,CA 2144,17.65114615739305,,S
635773,1,2,"Name635773, Miss. Surname635773",female,30.0,0,0,364512,14.750053883663156,,S
383204,1,1,"Name383204, Master. Surname383204",female,,3,2,113572,294.00911657421614,,S
169632,0,1,"Name169632, Mr. Surname169632",male,40.0,0,0,349227,44.637679414421775,,S
963612,0,3,"Name963612, Miss. Surname963612",female,24.0,0,0,2653,5.912160829121572,,Q
336121,0,3,"Name336121, Mr. Surname336121",male,29.0,0,0,13507,17.907887115900763,,S
79540,1,2,"Name79540, Miss. Surname79540",female,26.0,1,0,SC/AH Basle 541,21.518486316221093,B51 B53 B55,C
69914,1,1,"Name69914, Mrs. Surname69914",female,38.0,0,0,2671,82.52181825146819,D17,S
723950,1,2,"Name723950, Miss. Surname723950",female,39.0,0,0,349909,3.590387912154927,,S
56721,0,3,"Name56721, Mr. Surname56721",male,20.0,0,0,PC 17757,10.96443224067614,B58 B60,S
950223,1,1,"Name950223, Mr. Surname950223",male,32.0,0,0,237442,0.0,,S
949714,0,3,"Name949714, Miss. Surname949714",female,,0,0,11774,11.673660561240425,,S
929496,1,3,"Name929496, Mr. Surname929496",male,,8,2,347466,41.31377471425213,,S
229457,0,1,"Name229457, Mr. Surname229457",male,57.0,0,0,31027,3.874438288686823,,S
626024,0,3,"Name626024, Mr. Surname626024",male,21.0,0,0,364850,10.275784015937866,,S
967403,0,3,"Name967403, Mr. Surname967403",male,,0,0,PC 17612,14.92501413717997,,S
881964,0,3,"Name881964, Mr. Surname881964",male,31.0,0,0,CA. 2343,4.028723564552689,,S
486889,1,3,"Name486889, Miss. Surname486889",female,20.0,0,2,17453,14.979792137702528,,C
266428,0,3,"Name266428, Miss. Surname266428",female,23.0,2,2,343095,44.451167628532986,,S
69898,0,2,"Name69898, Mr. Surname69898",male,,0,0,3101298,34.2681764274348,,S
849387,0,3,"Name849387, Mr. Surname849387",male,,0,0,SOTON/OQ 3101317,20.91700080803341,,S
218042,1,1,"Name218042, Miss. Surname218042",female,57.0,1,0,113789,39.28302614578531,,C
537579,1,1,"Name537579, Mr. Surname537579",male,48.0,1,2,347060,89.62828118947542,,S
223552,0,3,"Name223552, Master. Surname223552",female,11.0,8,2,C.A. 6212,59.24563212309774,,S
584565,0,3,"Name584565, Mrs. Surname584565",female,19.0,0,0,C.A. 29178,2.097260137448903,,Q
100760,0,2,"Name100760, Mr. Surname100760",male,35.0,0,0,248738,28.702806544224348,,S
658171,0,3,"Name658171, Rev. Surname658171",male,34.0,0,0,382652,9.353713617183374,,C
767324,0,1,"Name767324, Mr. Surname767324",male,38.0,0,0,2666,0.0,,S
677100,1,3,"Name677100, Master. Surname677100",female,11.0,1,1,2671,0.0,,S
147813,0,3,"Name147813, Mr. Surname147813",male,38.0,1,1,315089,28.17264236727004,,S
384923,0,3,"Name384923, Mr. Surname384923",male,25.0,0,0,237442,7.822685526397489,C65,C
211413,0,1,"Name211413, Mr. Surname211413",male,68.0,0,0,374887,72.95121355939312,,S
871091,0,3,"Name871091, Mr. Surname871091",male,26.0,0,0,218629,10.104556033484084,C49,S
826744,0,2,"Name826744, Mr. Surname826744",male,38.0,0,0,113028,10.99646838369754,,S
373118,0,3,"Name373118, Mr. Surname373118",male,26.0,0,0,1601,7.321261735722602,,S
426116,0,3,"Name426116, Mr. Surname426116",male,27.0,0,0,312992,14.13957395875106,,Q
29437,1,3,"Name29437, Mr. Surname29437",male,21.0,0,0,36866,66.8756033866872,,C
28675,0,3,"Name28675, Mr. Surname28675",male,25.0,0,0,35851,6.70085578058804,,C
517818,0,1,"Name517818, Mr. Surname517818",male,0.0,1,2,11774,58.9333877616568,,S
25528,0,3,"Name25528, Mr. Surname25528",male,34.0,0,0,347470,7.929520272598577,,S
181901,0,2,"Name181901, Mr. Surname181901",male,38.0,0,0,347464,28.32934945145957,,S
100776,0,2,"Name100776, Mr. Surname100776",male,25.0,0,0,349236,26.244243660446767,,S
569595,0,1,"Name569595, Mr. Surname569595",male,,0,0,14312,71.79933662979947,,S
723415,0,3,"Name723415, Mr. Surname723415",male,16.0,5,2,S.O.C. 14879,58.982861257781934,,S
85767,1,3,"Name85767, Miss. Surname85767",female,28.0,0,0,STON/O 2. 3101273,7.162621336372691,,Q
341506,0,3,"Name341506, Mr. Surname341506",male,27.0,0,0,28664,9.29204551193556,,Q
339865,0,3,"Name339865, Mr. Surname339865",male,43.0,1,1,374887,26.68659939190136,,S
28600,1,1,"Name28600, Mrs. Surname28600",female,28.0,0,0,31028,60.357822921504486,,C
674038,0,3,"Name674038, Mr. Surname674038",male,19.0,1,0,244358,11.225072433911388,,S
314197,1,3,"Name314197, Miss. Surname314197",female,36.0,1,1,S.O.C. 14879,72.79268028091555,,S
982545,1,3,"Name982545, Dr. Surname982545",male,27.0,0,0,370375,35.49290722874667,D47,S
41854,1,1,"Name41854, Miss. Surname41854",female,35.0,0,1,349246,135.62309617553458,,S
125628,1,2,"Name125628, Master. Surname125628",female,11.0,1,1,367230,27.609087455386984,,S
804316,0,3,"Name804316, Mr. Surname804316",male,29.0,0,0,A.5. 18509,4.099391472578325,,C
552161,1,3,"Name552161, Miss. Surname552161",female,16.0,0,0,2666,13.14638909319828,,Q
507061,0,3,"Name507061, Mr. Surname507061",male,33.0,1,0,36928,6.127271201681906,,S
879996,0,3,"Name879996, Mr. Surname879996",male,19.0,0,0,367229,12.039758838231895,,S
538283,0,1,"Name538283, Mr. Surname538283",male,34.0,0,0,2691,30.41344417590618,,S
530376,1,2,"Name530376, Miss. Surname530376",female,28.0,1,2,2678,35.759162440495594,,C
862212,0,3,"Name862212, Mr. Surname862212",male,33.0,0,0,F.C.C. 13528,9.570625950855868,C85,S
841115,0,3,"Name841115, Mme. Surname841115",female,27.0,1,1,SOTON/OQ 392090,21.344366576342036,,C
694187,1,1,"Name694187, Miss. Surname694187",female,28.0,0,0,330959,39.13451770854003,C124,S
796146,0,3,"Name796146, Miss. Surname796146",female,,1,0,343276,24.48854564493209,,S
766818,1,1,"Name766818, Miss. Surname766818",female,37.0,0,1,342826,79.56029474027955,,S
731822,0,3,"Name731822, Sir. Surname731822",male,13.0,0,0,113796,8.38932179186042,,S
792863,0,1,"Name792863, Mr. Surname792863",male,,0,0,113786,78.45182241171726,,S
148239,0,2,"Name148239, Mr. Surname148239",male,,0,0,2662,15.709542399038517,,S
497654,0,3,"Name497654, Mr. Surname497654",male,27.0,0,0,347064,1.7787199095859851,,S
517376,0,1,"Name517376, Mr. Surname517376",male,44.0,0,0,111361,42.19315988080991,,S
72496,0,2,"Name72496, Mr. Surname72496",male,57.0,0,0,PC 17757,9.276908475345603,,S
892982,1,1,"Name892982, Miss. Surname892982",female,,1,0,350026,70.10404453602668,,S
605651,1,3,"Name605651, Miss. Surname605651",female,28.0,0,0,CA. 2343,8.204819242944417,C52,Q
71903,1,1,"Name71903, Mrs. Surname71903",female,40.0,1,0,349236,1.0399910983341558,C111,C
956362,0,3,"Name956362, Mr. Surname956362",male,17.0,0,0,236852,8.242832909408241,,S
957931,0,1,"Name957931, Mr. Surname957931",male,56.0,0,2,19943,91.91158293415722,F33,C
556314,0,3,"Name556314, Mr. Surname556314",male,30.0,5,2,19972,59.05872638487274,,S
604028,0,3,"Name604028, Master. Surname604028",female,0.0,4,2,4133,11.675114737417552,B80,S
769565,0,3,"Name769565, Miss. Surname769565",female,,1,0,29751,23.623844327096425,,S
115146,0,2,"Name115146, Dr. Surname115146",male,36.0,1,2,392096,48.614586468157206,,C
688864,1,1,"Name688864, Mr. Surname688864",male,36.0,1,0,347742,75.49405661857445,,S
97995,1,2,"Name97995, Mr. Surname97995",male,9.0,1,1,2678,40.948802033259305,C124,S
346796,0,3,"Name346796, Mr. Surname346796",male,,8,2,347082,61.20707290266292,B5,S
225972,0,1,"Name225972, Mr. Surname225972",male,36.0,0,0,2687,36.19476726551255,,S
738639,0,1,"Name738639, Mr. Surname738639",male,26.0,1,1,364499,57.23870401941151,,S
930566,0,3,"Name930566, Mr. Surname930566",male,24.0,3,1,111320,5.450535136225458,,S
858970,0,3,"Name858970, Mr. Surname858970",male,21.0,0,0,350060,11.51668906094848,C148,S
727726,1,3,"Name727726, Miss. Surname727726",female,27.0,0,0,343095,6.955152839562438,,S
384379,0,2,"Name384379, Mr. Surname384379",male,,0,0,330979,30.90692047523974,,S
126997,1,3,"Name126997, Mr. Surname126997",male,48.0,0,0,312991,36.84279627403056,,S
483922,1,1,"Name483922, Mr. Surname483922",male,33.0,1,0,370371,70.0038616205067,,S
766028,0,3,"Name766028, Mr. Surname766028",male,17.0,8,2,7534,66.7178136431933,,S
615703,0,3,"Name615703, Mr. Surname615703",male,,0,0,347088,9.726922312840856,,S
404618,0,3,"Name404618, Mr. Surname404618",male,30.0,0,0,7546,12.323710178317873,,S
154236,0,3,"Name154236, Mrs. Surname154236",female,,0,0,11668,9.019758779619208,,S
548435,0,2,"Name548435, Mr. Surname548435",male,23.0,0,0,312992,22.92259155102837,,S
352281,0,3,"Name352281, Mr. Surname352281",male,18.0,0,0,347080,3.751598998954905,,S
550743,1,2,"Name550743, Miss. Surname550743",female,22.0,1,2,17466,42.91089581447027,,S
508442,1,3,"Name508442, Master. Surname508442",female,6.0,0,2,A/5. 851,14.947857031906308,,S
242429,0,3,"Name242429, Major. Surname242429",male,18.0,8,2,334912,55.954701780644434,,S
981083,0,3,"Name981083, Mr. Surname981083",male,19.0,0,0,113773,7.429218532242406,,S
60550,0,3,"Name60550, Mr. Surname60550",male,,0,0,SC/PARIS 2146,9.33022435397011,B57 B59 B63 B66,C
503873,1,3,"Name503873, Miss. Surname503873",female,27.0,0,0,349251,8.167220840775016,,S
76904,1,3,"Name76904, Mr. Surname76904",male,17.0,0,0,248747,91.52400843741069,E24,C
174690,1,3,"Name174690, Mrs. Surname174690",female,31.0,0,0,2697,5.402480849896416,,Q
870126,0,3,"Name870126, Mr. Surname870126",male,,0,0,363294,4.288227146042282,,S
80142,1,3,"Name80142, Miss. Surname80142",female,29.0,0,0,695,8.3148667822351,,S
497752,1,1,"Name497752, Mrs. Surname497752",female,54.0,0,0,345572,0.0,,S
124985,0,3,"Name124985, Mrs. Surname124985",female,20.0,0,0,315089,7.8859009700287315,A5,S
541674,0,2,"Name541674, Mr. Surname541674",male,,1,0,347742,27.42833388940284,,S
192120,1,2,"Name192120, Mr. Surname192120",male,47.0,1,0,349909,21.536173663623625,,S
634995,0,3,"Name634995, Miss. Surname634995",female,,1,0,364849,0.0,C92,S
349891,0,3,"Name349891, Mr. Surname349891",male,31.0,0,0,A/5 21171,2.7195976724901763,,C
357249,1,2,"Name357249, Mrs. Surname357249",female,18.0,0,0,C.A. 2315,13.164796695817437,,S
145303,0,2,"Name145303, Master. Surname145303",male,12.0,1,0,C.A. 2315,36.97062570133419,,C
693368,1,3,"Name693368, Mr. Surname693368",male,24.0,0,0,364851,25.08389336418548,,S
113805,1,1,"Name113805, Mrs. Surname113805",female,,0,0,13214,237.0492187691038,,C
982043,0,3,"Name982043, Mr. Surname982043",male,32.0,0,0,4136,9.026296036499163,,S
121175,0,3,"Name121175, Mr. Surname121175",male,32.0,0,0,36947,4.638545700055378,,S
260093,1,1,"Name260093, Mrs. Surname260093",female,,0,0,363592,90.29440192116662,,S
590389,1,3,"Name590389, Mr. Surname590389",male,27.0,0,0,347081,3.875031276428141,,S
743735,1,2,"Name743735, Miss. Surname743735",female,45.0,0,0,C.A. 29178,10.352567867972091,,S
475628,0,3,"Name475628, Mr. Surname475628",male,37.0,1,1,PC 17482,26.74237045860864,E49,S
766495,0,1,"Name766495, Mr. Surname766495",male,49.0,0,0,343095,0.0,,C
818178,1,3,"Name818178, Mr. Surname818178",male,24.0,0,0,392092,30.085957221062248,,S
779022,1,3,"Name779022, Mrs. Surname779022",female,,0,0,A/S 2816,9.474850976643674,,S
696814,0,2,"Name696814, Mr. Surname696814",male,51.0,1,1,349204,22.932885205427272,,S
412663,0,2,"Name412663, Mr. Surname412663",male,25.0,0,0,W./C. 6609,0.0,,S
879113,0,2,"Name879113, Mr. Surname879113",male,55.0,0,0,693,0.9555135542921742,,S
360465,1,2,"Name360465, Mrs. Surname360465",female,24.0,0,1,2695,29.214156888940256,,S
381898,0,1,"Name381898, Dr. Surname381898",male,,1,0,C.A. 2315,34.79022089354096,A34,S
82501,0,2,"Name82501, Mr. Surname82501",male,26.0,0,0,PC 17592,27.282185148794667,,S
685054,0,3,"Name685054, Mr. Surname685054",male,19.0,0,0,A/5. 3337,10.096983318784174,,Q
517889,1,1,"Name517889, Mr. Surname517889",male,46.0,1,0,19950,44.24939562700772,,S
329644,1,2,"Name329644, Miss. Surname329644",female,,0,0,17421,15.367578219890168,,S
898502,0,3,"Name898502, Mr. Surname898502",male,23.0,0,0,C.A. 34260,8.258695745161724,,C
708663,0,3,"Name708663, Mr. Surname708663",male,15.0,0,0,29011,14.103694987030416,,S
479148,0,3,"Name479148, Mr. Surname479148",male,,0,0,F.C.C. 13529,10.671619855442495,,Q
970345,0,1,"Name970345, Mr. Surname970345",male,,0,0,220367,0.0,,S
189454,0,3,"Name189454, Mr. Surname189454",male,36.0,0,0,SOTON/O2 3101272,6.6481555211222645,C7,S
57568,0,1,"Name57568, Mr. Surname57568",male,23.0,1,0,113786,90.29350330926223,,C
162940,0,1,"Name162940, Mr. Surname162940",male,58.0,0,0,364846,13.996532582503376,,C
725230,0,3,"Name725230, Mr. Surname725230",male,,1,1,SOTON/O2 3101287,15.497232102428836,,S
722752,0,1,"Name722752, Mr. Surname722752",male,,1,0,113804,107.48694096271088,,S
569291,0,1,"Name569291, Mr. Surname569291",male,,0,0,C.A. 2673,4.984125703140047,,S
4361,1,2,"Name4361, Miss. Surname4361",female,37.0,1,1,PC 17569,28.004265592614143,C54,S
760155,1,1,"Name760155, Mrs. Surname760155",female,47.0,1,0,PC 17601,88.51628317294492,,C
842894,1,3,"Name842894, Miss. Surname842894",female,,0,1,323592,11.217173207168656,,S
468560,0,1,"Name468560, Mr. Surname468560",male,42.0,0,0,250644,0.0,,S
912969,0,3,"Name912969, Mr. Surname912969",male,34.0,0,0,11751,4.747630840434819,B69,S
207643,0,3,"Name207643, Mr. Surname207643",male,20.0,0,0,2691,10.95930035796486,E68,S
564850,1,3,"Name564850, Miss. Surname564850",female,24.0,0,2,1601,24.11247191321226,,C
526902,1,3,"Name526902, Miss. Surname526902",female,26.0,1,0,350407,8.25567133802965,,S
208869,0,2,"Name208869, Mr. Surname208869",male,42.0,1,0,PP 4348,43.564102876855365,,C
413571,1,3,"Name413571, Mr. Surname413571",male,26.0,0,0,A/5. 3336,7.509666964758149,,S
869359,0,3,"Name869359, Mr. Surname869359",male,18.0,8,2,345765,64.66975809824098,,S
825965,0,1,"Name825965, Mr. Surname825965",male,,0,0,3411,17.413746818496808,,S
774415,1,2,"Name774415, Miss. Surname774415",female,28.0,0,1,C.A. 29178,29.571309636868225,C123,S
19524,0,3,"Name19524, Miss. Surname19524",female,,4,2,349257,37.12102401141186,,S
211698,0,3,"Name211698, Mr. Surname211698",male,44.0,0,0,19928,3.933388093782552,,S
153310,0,1,"Name153310, Mr. Surname153310",male,30.0,0,0,234360,50.80504759378565,,S
518024,0,1,"Name518024, Mr. Surname518024",male,48.0,0,0,2699,57.78039814316395,B57 B59 B63 B66,S
689968,1,1,"Name689968, Dr. Surname689968",female,42.0,1,0,SOTON/O.Q. 3101310,92.9973890808501,B50,S
180579,1,2,"Name180579, Master. Surname180579",female,,1,1,113773,19.53940311658564,,C
521812,0,1,"Name521812, Mr. Surname521812",male,,0,0,F.C. 12750,0.0,B102,C
142302,0,3,"Name142302, Mr. Surname142302",male,15.0,4,2,19928,16.717925259857132,,S
630499,0,3,"Name630499, Mr. Surname630499",male,37.0,0,0,347088,8.8352460410225,B58 B60,S
911944,1,2,"Name911944, Ms. Surname911944",female,38.0,1,0,384461,24.34783006847761,,S
920713,1,3,"Name920713, Mr. Surname920713",male,25.0,0,0,17464,17.047672950700964,,S
494447,1,2,"Name494447, Mme. Surname494447",female,24.0,0,1,231945,30.415054027216723,B77,S
843406,0,3,"Name843406, Mr. Surname843406",male,36.0,0,0,350048,7.982401469001609,,S
757042,1,3,"Name757042, Miss. Surname757042",female,,0,0,244373,9.989865625127964,,Q
641189,0,3,"Name641189, Mr. Surname641189",male,13.0,4,2,4579,33.45280796736098,,S
983483,0,1,"Name983483, Mr. Surname983483",male,45.0,0,0,345572,1.714621821719286,,S
661151,0,2,"Name661151, Mr. Surname661151",male,38.0,0,0,29750,1.4579613341738096,B35,S
762520,1,3,"Name762520, Mrs. Surname762520",female,26.0,0,0,349246,10.01226843982487,,C
684352,0,1,"Name684352, Mr. Surname684352",male,31.0,0,0,17463,56.53177887629347,,C
483403,1,1,"Name483403, Mr. Surname483403",male,22.0,0,0,2663,36.24924516302833,,C
302112,0,2,"Name302112, Mr. Surname302112",male,49.0,0,0,218629,31.913524682375037,,S
324494,1,1,"Name324494, Mr. Surname324494",male,46.0,0,0,248738,0.0,C118,C
441590,0,3,"Name441590, Mr. Surname441590",male,34.0,0,0,36963,0.0,,S
692128,1,2,"Name692128, Miss. Surname692128",female,30.0,1,2,230136,34.3497664285745,,S
134035,1,3,"Name134035, Miss. Surname134035",female,13.0,0,1,C.A. 33595,11.09989101208552,,S
286215,0,3,"Name286215, Miss. Surname286215",female,16.0,0,0,A/5. 851,11.814674694104518,,S
530278,0,3,"Name530278, Master. Surname530278",female,0.0,0,1,3101265,14.521866267523963,C23 C25 C27,S
660799,1,2,"Name660799, Miss. Surname660799",female,30.0,1,2,244367,47.49180620704065,C2,S
612485,0,3,"Name612485, Miss. Surname612485",female,21.0,3,1,SC 1748,31.64452495393295,,S
702678,0,2,"Name702678, Mr. Surname702678",male,35.0,0,0,2666,41.75148904246381,,S
353352,0,2,"Name353352, Mr. Surname353352",male,50.0,1,0,2693,36.16900235490991,,S
668409,1,1,"Name668409, Mr. Surname668409",male,,0,0,PC 17610,39.844942903348034,,S
284458,0,2,"Name284458, Mr. Surname284458",male,23.0,1,0,364849,11.255631866646782,,S
495707,0,3,"Name495707, Mr. Surname495707",male,,4,2,11767,13.632297420067546,,S
768280,0,3,"Name768280, Mr. Surname768280",male,31.0,0,0,4136,3.812941895956141,,S
348743,1,3,"Name348743, Miss. Surname348743",female,25.0,1,0,349252,23.52843084323002,,C
432166,1,3,"Name432166, Mr. Surname432166",male,9.0,1,1,371362,20.728408087624345,,S
277223,1,1,"Name277223, Mr. Surname277223",male,41.0,0,0,PC 17755,67.36132118666345,,S
155742,0,2,"Name155742, Mr. Surname155742",male,38.0,0,0,8475,0.0,,S
904658,0,1,"Name904658, Mr. Surname904658",male,41.0,0,0,12233,0.0,,S
799702,0,3,"Name799702, Dr. Surname799702",male,7.0,0,0,392096,18.524345045776503,D6,S
899670,0,3,"Name899670, Mr. Surname899670",male,30.0,0,0,W./C. 6607,7.611174052476765,,C
777952,1,1,"Name777952, Master. Surname777952",female,6.0,0,1,113806,114.23864094294444,,S
209143,1,1,"Name209143, Mr. Surname209143",male,40.0,2,0,250644,84.5721778592216,E121,S
607686,1,2,"Name607686, Mr. Surname607686",male,,1,1,11769,29.43954982685033,,S
5323,1,1,"Name5323, Master. Surname5323",female,,1,0,4134,213.50710632088695,,C
758157,0,3,"Name758157, Mr. Surname758157",male,30.0,0,0,113786,1.5880777108263593,E46,S
1000177,0,3,"Name1000177, Mr. Surname1000177",male,29.0,0,0,29750,4.37018433698985,A7,S
855435,1,1,"Name855435, Lady. Surname855435",female,36.0,1,1,2666,142.93539699920126,,S
224127,1,3,"Name224127, Mr. Surname224127",male,25.0,0,0,345764,30.357715299675448,,S
751199,0,3,"Name751199, Mr. Surname751199",male,25.0,1,0,345773,4.255504478570991,,S
625545,1,1,"Name625545, Miss. Surname625545",female,33.0,0,2,13502,100.878443664853,C93,C
296736,0,3,"Name296736, Mr. Surname296736",male,,0,0,345773,10.957081422499549,C93,S
187202,0,3,"Name187202, Mr. Surname187202",male,33.0,1,1,F.C.C. 13529,11.28787623995374,,S
830293,1,1,"Name830293, Mr. Surname830293",male,41.0,0,0,239855,23.950463688137862,,S
737901,0,3,"Name737901, Mr. Surname737901",male,20.0,0,0,233866,5.0155973771374684,C23 C25 C27,S
183708,0,3,"Name183708, Mr. Surname183708",male,32.0,0,0,363291,2.1714945488241044,,C
587255,0,1,"Name587255, Mr. Surname587255",male,,0,0,239865,0.0,,S
810622,0,3,"Name810622, Lady. Surname810622",female,,0,5,349249,25.87185758230255,,S
957346,0,3,"Name957346, Mrs. Surname957346",female,23.0,0,2,347743,20.521569627834268,,S
989050,0,3,"Name989050, Mr. Surname989050",male,20.0,1,0,350029,9.17351037216086,,Q
834213,0,3,"Name834213, Mr. Surname834213",male,35.0,0,0,PC 17475,7.665785499966919,,Q
620394,0,3,"Name620394, Mr. Surname620394",male,21.0,0,0,A/S 2816,21.13038497230472,,S
115589,0,3,"Name115589, Mr. Surname115589",male,34.0,0,0,19943,8.899576882093994,,S
686549,1,2,"Name686549, Mrs. Surname686549",female,27.0,0,1,36947,18.273284267186757,,S
333984,0,3,"Name333984, Mr. Surname333984",male,33.0,0,0,367229,9.185949529014248,B35,S
186773,0,3,"Name186773, Mr. Surname186773",male,,0,0,244361,8.882979976673065,,Q
100832,0,1,"Name100832, Mr. Surname100832",male,89.0,1,1,A/4 45380,76.65001991622492,B20,S
738421,1,1,"Name738421, Miss. Surname738421",female,47.0,0,0,364516,89.97467974358003,,S
214617,0,3,"Name214617, Mr. Surname214617",male,25.0,0,0,347074,10.474850051806833,,S
154797,1,3,"Name154797, Mrs. Surname154797",female,30.0,0,0,347068,12.58167442532076,,S
733944,1,2,"Name733944, Miss. Surname733944",female,35.0,1,1,113760,40.89071540040421,,S
752252,1,1,"Name752252, Mr. Surname752252",male,15.0,1,2,C.A. 37671,133.87393577226388,,S
685724,1,1,"Name685724, Miss. Surname685724",female,49.0,1,0,PC 17569,114.36475305404944,C125,C
426608,1,2,"Name426608, Miss. Surname426608",female,26.0,1,0,244252,20.04661908463025,B79,S
496212,0,3,"Name496212, Mr. Surname496212",male,,0,0,370377,11.922629934624574,,C
924825,0,3,"Name924825, Miss. Surname924825",female,,0,2,2668,17.8937414111057,,C
779563,1,2,"Name779563, Miss. Surname779563",female,14.0,0,0,14973,9.573060471352337,,S
816008,1,1,"Name816008, Mrs. Surname816008",female,51.0,0,0,350048,93.5720375739214,A20,S
999966,0,3,"Name999966, Mr. Surname999966",male,21.0,0,0,PC 17597,11.101618742643163,,S
328467,0,2,"Name328467, Mr. Surname328467",male,36.0,0,0,28665,0.0,,S
551018,0,3,"Name551018, Mr. Surname551018",male,,0,0,S.P. 3464,12.059739788502275,,C
654545,0,3,"Name654545, Mr. Surname654545",male,36.0,0,0,373450,7.951128155592776,,S
87784,0,2,"Name87784, Major. Surname87784",male,51.0,2,0,113767,35.16268266768506,,S
814169,1,3,"Name814169, Miss. Surname814169",female,18.0,0,0,248733,10.549273198257156,,Q
227754,0,3,"Name227754, Mr. Surname227754",male,10.0,0,0,PP 9549,7.99485048260805,,S
452105,1,1,"Name452105, Mrs. Surname452105",female,44.0,1,0,PC 17483,52.59217396546241,C30,C
202102,1,3,"Name202102, Mr. Surname202102",male,26.0,1,2,2677,48.68351632235908,,S
118731,0,2,"Name118731, Mr. Surname118731",male,36.0,1,0,SC/PARIS 2133,44.2863608926062,,S
659743,0,3,"Name659743, Mr. Surname659743",male,42.0,0,0,3474,12.166004077630722,D45,S
533520,0,2,"Name533520, Mr. Surname533520",male,3.0,0,0,SCO/W 1585,24.900086837063668,,S
627045,1,1,"Name627045, Mrs. Surname627045",female,30.0,0,0,29750,126.90579266327734,,S
607853,0,3,"Name607853, Master. Surname607853",female,0.0,0,1,113803,14.046086420729784,,S
873520,1,3,"Name873520, Mrs. Surname873520",female,29.0,0,0,382652,6.907126567189232,,Q
162495,1,1,"Name162495, Mr. Surname162495",male,27.0,0,0,SOTON/O.Q. 392078,15.631235878618993,,S
352438,0,3,"Name352438, Mr. Surname352438",male,46.0,0,0,54636,14.223249772882024,,S
493907,1,3,"Name493907, Mrs. Surname493907",female,17.0,0,0,PC 17757,9.829529493933508,,S
28439,0,3,"Name28439, Mr. Surname28439",male,22.0,0,0,243847,4.185047337954777,E10,S
103505,1,1,"Name103505, Miss. Surname103505",female,73.0,1,0,C.A. 24579,20.590959473822217,,C
375314,0,2,"Name375314, Mr. Surname375314",male,,0,0,367226,0.7890084073128685,,S
809828,1,1,"Name809828, Mrs. Surname809828",female,53.0,0,0,PC 17477,207.6289544144569,,C
662315,0,2,"Name662315, Miss. Surname662315",female,38.0,1,0,345769,21.69731449656688,,S
792005,0,3,"Name792005, Miss. Surname792005",female,48.0,0,5,110152,17.525214362275978,,S
307748,0,2,"Name307748, Mr. Surname307748",male,36.0,0,0,2665,16.838696706523628,,S
391706,1,1,"Name391706, Miss. Surname391706",female,60.0,1,0,W./C. 6607,30.79981457669788,,C
541557,0,3,"Name541557, Mr. Surname541557",male,,0,0,365226,0.980428657863988,,C
279871,1,3,"Name279871, Mr. Surname279871",male,40.0,0,0,PC 17758,27.06377956754228,,S
835242,1,2,"Name835242, Mr. Surname835242",male,5.0,2,1,2665,36.56446774638117,,S
143014,0,3,"Name143014, Mr. Surname143014",male,47.0,0,0,SOTON/O.Q. 3101307,3.452220228324649,,S
72941,0,3,"Name72941, Mr. Surname72941",male,21.0,0,0,349228,12.526757463743849,,S
381824,0,3,"Name381824, Mr. Surname381824",male,,0,0,PC 17757,4.176483899399052,D17,C
112906,0,2,"Name112906, Capt. Surname112906",male,25.0,0,0,PC 17611,22.08356948181288,E34,S
696835,0,3,"Name696835, Mr. Surname696835",male,26.0,0,0,1601,13.731780819048238,,S
33106,0,3,"Name33106, Mr. Surname33106",male,34.0,0,0,STON/O 2. 3101293,18.4754279445134,,S
561358,1,3,"Name561358, Mr. Surname561358",male,8.0,1,1,C.A. 31921,13.623627698110448,,C
312566,0,3,"Name312566, Miss. Surname312566",female,,0,0,2648,6.075196565780703,,S
569874,1,2,"Name569874, Mrs. Surname569874",female,21.0,1,3,347069,9.645624496273989,,S
386703,0,3,"Name386703, Mr. Surname386703",male,42.0,0,0,113794,17.63147990239727,C104,S
505620,0,3,"Name505620, Mr. Surname505620",male,42.0,0,0,36967,0.0,E46,S
975331,0,3,"Name975331, Mr. Surname975331",male,45.0,0,0,237736,4.950468684698557,,S
995423,0,1,"Name995423, Mr. Surname995423",male,17.0,0,0,113803,69.14327460590081,,S
239867,1,1,"Name239867, Mrs. Surname239867",female,32.0,2,2,345364,224.1711460623104,,C
497344,1,1,"Name497344, Mr. Surname497344",male,,1,0,237736,0.0,,C
476450,1,1,"Name476450, Mrs. Surname476450",female,,1,0,330909,52.35559037467703,,C
455762,0,3,"Name455762, Mr. Surname455762",male,31.0,0,0,349245,12.04048232696276,,S
814642,0,2,"Name814642, Mr. Surname814642",male,40.0,0,0,2667,13.23615639415359,E25,S
555832,1,3,"Name555832, Mrs. Surname555832",female,16.0,0,0,C.A. 37671,6.40671214954746,E63,Q
503429,0,3,"Name503429, Mr. Surname503429",male,20.0,0,0,230080,2.8601404884530632,,S
774500,1,3,"Name774500, Mr. Surname774500",male,24.0,0,0,382649,16.98789599349537,A10,S
838309,0,2,"Name838309, Miss. Surname838309",female,22.0,1,1,345764,24.813971700117108,E10,S
65789,0,3,"Name65789, Mr. Surname65789",male,49.0,8,2,2680,67.60970445563743,C22 C26,S
912817,0,2,"Name912817, Mr. Surname912817",male,22.0,0,0,231945,36.45613341900134,,S
125168,0,3,"Name125168, Mrs. Surname125168",female,18.0,0,0,4133,12.154901481901238,,S
49722,0,3,"Name49722, Mr. Surname49722",male,,0,0,2659,10.662801174911817,B28,S
760298,0,3,"Name760298, Mr. Surname760298",male,27.0,0,0,PC 17599,10.51476439718099,,Q
753323,0,1,"Name753323, Mr. Surname753323",male,35.0,0,0,315096,118.93050011527392,,C
314206,0,3,"Name314206, Mr. Surname314206",male,16.0,0,0,CA. 2343,12.596875774486389,,Q
538023,0,3,"Name538023, Mr. Surname538023",male,30.0,0,0,113786,7.625843402967097,,Q
292367,0,2,"Name292367, Mr. Surname292367",male,,0,0,349223,7.096398508658036,,S
268111,1,2,"Name268111, Mrs. Surname268111",female,23.0,0,0,113781,8.814932023408474,,S
270900,0,3,"Name270900, Mr. Surname270900",male,25.0,8,2,PC 17558,39.734090837345065,,S
66358,0,3,"Name66358, Mr. Surname66358",male,29.0,0,0,239855,5.412822284001406,A20,S
686942,0,1,"Name686942, Mr. Surname686942",male,58.0,0,0,2690,42.23543125391441,,S
237432,1,2,"Name237432, Miss. Surname237432",female,,0,0,SC/AH 3085,16.66817150699895,,S
21685,1,2,"Name21685, Mrs. Surname21685",female,,0,0,345763,0.0,,S
860112,1,1,"Name860112, Mr. Surname860112",male,,0,0,S.O.C. 14879,16.30499284866086,,S
489280,0,3,"Name489280, Mr. Surname489280",male,26.0,1,0,F.C.C. 13528,10.75512044401454,,S
890889,1,1,"Name890889, Miss. Surname890889",female,58.0,2,0,19928,34.28875826814186,,S
669504,0,2,"Name669504, Mr. Surname669504",male,,0,0,A/4 45380,0.0,,S
375081,0,3,"Name375081, Mr. Surname375081",male,28.0,0,0,2674,15.513098654100464,,S
327796,0,3,"Name327796, Mr. Surname327796",male,,0,0,19947,10.97057926888121,,S
647540,0,2,"Name647540, Mr. Surname647540",male,24.0,0,0,36947,54.020714897568965,,S
373172,0,3,"Name373172, Mr. Surname373172",male,38.0,0,0,C.A. 37671,5.944573837073927,,S
729367,1,3,"Name729367, Miss. Surname729367",female,,0,0,PC 17754,7.378709793266926,C45,S
449280,1,3,"Name449280, Mr. Surname449280",male,17.0,0,0,113807,7.379496071464149,C148,S
511383,1,2,"Name511383, Mr. Surname511383",male,8.0,0,0,244252,14.433488985142084,,S
53033,1,1,"Name53033, Mrs. Surname53033",female,39.0,1,0,231919,68.5345773696239,,S
139761,1,3,"Name139761, Mr. Surname139761",male,36.0,0,0,17421,13.251871942628158,C90,S
94975,0,2,"Name94975, Mr. Surname94975",male,25.0,0,0,110152,21.871342978481348,,S
597007,0,1,"Name597007, Dr. Surname597007",male,,0,0,19952,129.91598180388257,,C
995715,0,3,"Name995715, Mrs. Surname995715",female,16.0,4,2,364511,48.10856335653394,,S
565515,1,2,"Name565515, Miss. Surname565515",female,28.0,1,0,230433,25.6180878242237,,C
500222,1,1,"Name500222, Miss. Surname500222",female,58.0,0,0,113789,23.640647921786904,B77,S
102224,1,2,"Name102224, Mrs. Surname102224",female,16.0,0,2,11767,27.96229005849263,,S
386459,0,3,"Name386459, Mrs. Surname386459",female,15.0,3,1,244358,18.84887608624296,,S
75550,0,3,"Name75550, Mr. Surname75550",male,31.0,0,0,28206,12.835404477606572,,S
312191,1,3,"Name312191, Miss. Surname312191",female,25.0,0,0,113760,14.746955847778803,,Q
630346,0,3,"Name630346, Miss. Surname630346",female,43.0,1,0,2651,29.89199670662922,,S
817032,0,3,"Name817032, Mr. Surname817032",male,20.0,0,0,19877,4.842103067087519,,S
701541,1,1,"Name701541, Mr. Surname701541",male,67.0,0,0,CA. 2343,79.48634211247474,,S
241706,1,3,"Name241706, Mrs. Surname241706",female,33.0,1,1,347742,102.77464033933065,B19,S
787515,1,1,"Name787515, Mr. Surname787515",male,50.0,1,0,226593,81.3637828568815,,S
967860,0,1,"Name967860, Mr. Surname967860",male,60.0,0,0,347088,21.706002146859905,,S
38570,1,3,"Name38570, Miss. Surname38570",female,20.0,0,1,SC/AH 29037,8.27046065244338,,S
884631,1,1,"Name884631, Mr. Surname884631",male,31.0,0,0,371110,68.03232823285062,,S
569322,0,1,"Name569322, Mr. Surname569322",male,51.0,0,0,392096,60.638631908638985,D6,S
157847,0,3,"Name157847, Mr. Surname157847",male,34.0,0,0,C 7075,19.310723551179212,,S
542888,0,3,"Name542888, Dr. Surname542888",male,,1,0,349221,15.306316716744565,,S
326703,1,1,"Name326703, Miss. Surname326703",female,18.0,0,1,STON/O 2. 3101273,16.478567565550122,,S
653556,0,3,"Name653556, Master. Surname653556",female,6.0,3,1,WE/P 5735,19.70446122031667,,S
933553,0,3,"Name933553, Miss. Surname933553",female,22.0,0,0,343276,3.519705422932216,B101,Q
720534,1,3,"Name720534, Mrs. Surname720534",female,22.0,0,0,19988,9.097619524878423,A26,Q
510150,1,3,"Name510150, Miss. Surname510150",female,,0,0,2685,8.80073024516974,A19,S
741994,1,2,"Name741994, Miss. Surname741994",female,32.0,0,1,2663,29.607463808933183,F2,S
590703,0,2,"Name590703, Mr. Surname590703",male,,0,0,16966,12.20151446810057,,S
767069,0,3,"Name767069, Mr. Surname767069",male,39.0,0,0,113804,12.10018903591024,,S
372418,0,3,"Name372418, Mr. Surname372418",male,31.0,2,0,236853,0.8435149043239939,F4,S
704124,1,3,"Name704124, Miss. Surname704124",female,39.0,0,0,364512,11.170895354517633,,S
700936,1,1,"Name700936, Mrs. Surname700936",female,32.0,0,1,5727,72.49830625923688,,S
494734,0,2,"Name494734, Mr. Surname494734",male,,0,0,A/4 48871,26.106579698598875,,S
138673,1,1,"Name138673, Miss. Surname138673",female,,0,0,PC 17611,122.52380026682664,,S
77786,1,2,"Name77786, Miss. Surname77786",female,35.0,1,1,349912,13.095225399777863,,S
120668,0,3,"Name120668, Mr. Surname120668",male,37.0,0,0,244367,7.482902986483014,,S
784622,0,3,"Name784622, Miss. Surname784622",female,,1,0,349219,24.673965301784165,,S
727149,0,3,"Name727149, Mr. Surname727149",male,33.0,0,0,36973,14.13344331901084,C101,S
722607,0,3,"Name722607, Mr. Surname722607",male,,0,0,C 7076,8.094710393415124,,Q
105690,0,2,"Name105690, Mr. Surname105690",male,25.0,1,1,SOTON/O.Q. 3101310,19.22606574204871,,S
670752,0,3,"Name670752, Mr. Surname670752",male,14.0,0,0,315037,0.2346109924677188,,Q
461171,1,1,"Name461171, Mrs. Surname461171",female,45.0,0,0,347076,87.72451490780213,B86,S
472489,1,3,"Name472489, Master. Surname472489",female,10.0,1,1,CA 2144,0.0,B37,S
921853,0,3,"Name921853, Mr. Surname921853",male,11.0,4,1,A/5 2817,44.04876219808255,,S
247180,0,3,"Name247180, Mr. Surname247180",male,24.0,2,0,315153,20.55914454955764,,S
759705,0,3,"Name759705, Miss. Surname759705",female,19.0,1,0,SOTON/O2 3101272,13.351492450347225,,S
103248,1,1,"Name103248, Miss. Surname103248",female,23.0,1,0,36864,37.839455363075714,,Q
569383,0,3,"Name569383, Mr. Surname569383",male,24.0,0,0,111428,12.22701595343196,,C
595945,0,3,"Name595945, Mr. Surname595945",male,39.0,0,0,28664,5.271052397586985,D49,S
718614,0,3,"Name718614, Mr. Surname718614",male,31.0,0,0,PC 17595,7.187012876460844,,Q
937907,1,3,"Name937907, Master. Surname937907",female,0.0,0,3,343276,16.634116327957624,,C
640319,1,1,"Name640319, Mrs. Surname640319",female,36.0,0,0,A/5. 2151,18.65266068505045,,C
621414,0,1,"Name621414, Mr. Surname621414",male,,0,2,347088,125.35031429295148,,S
169687,1,1,"Name169687, Mr. Surname169687",male,,1,0,370376,0.0,,C
849248,0,3,"Name849248, Mrs. Surname849248",female,,1,1,A/S 2816,15.934239864441148,,C
55835,0,3,"Name55835, Mr. Surname55835",male,,0,0,248727,14.516425758649609,E58,S
472202,1,3,"Name472202, Mr. Surname472202",male,34.0,0,0,1601,3.051319139000424,,S
415149,1,3,"Name415149, Master. Surname415149",male,0.0,0,1,347080,8.086639739369101,A26,C
707649,0,3,"Name707649, Miss. Surname707649",female,32.0,0,0,CA 2144,16.262345951341974,F2,S
640121,0,2,"Name640121, Mr. Surname640121",male,53.0,0,0,STON/O 2. 3101280,55.27034055767146,,S
152321,0,2,"Name152321, Mr. Surname152321",male,30.0,0,0,SOTON/OQ 392082,43.1964343163048,,S
495690,0,3,"Name495690, Col. Surname495690",male,38.0,0,0,2664,12.43112101281062,,Q
995224,1,1,"Name995224, Mrs. Surname995224",female,33.0,2,2,349222,160.32974515918943,,C
607074,0,3,"Name607074, Miss. Surname607074",female,25.0,0,0,4579,15.560307428130812,,S
409556,1,3,"Name409556, Mr. Surname409556",male,29.0,0,0,19996,35.15817556573067,,S
617346,0,3,"Name617346, Mr. Surname617346",male,28.0,0,0,19877,10.61736551602897,,Q
774784,0,3,"Name774784, Mr. Surname774784",male,25.0,0,0,C.A. 37671,0.0,,S
295242,0,3,"Name295242, Mrs. Surname295242",female,44.0,0,0,347085,17.787471351171924,,S
755850,1,2,"Name755850, Mrs. Surname755850",female,39.0,1,2,382651,38.17257854590668,,S
868546,0,3,"Name868546, Mr. Surname868546",male,33.0,0,0,110152,5.733994711519371,,S
237911,0,3,"Name237911, Mr. Surname237911",male,,0,0,364849,0.0,,S
127458,0,1,"Name127458, Mr. Surname127458",male,39.0,1,0,A/5 3536,74.34212309130578,,S
12879,0,1,"Name12879, Mr. Surname12879",male,73.0,0,0,382651,99.35308067166376,,C
914900,0,3,"Name914900, Mr. Surname914900",male,12.0,0,0,PC 17582,3.8366593369283306,,S
540874,0,3,"Name540874, Mr. Surname540874",male,42.0,0,0,PP 9549,12.978612223139423,,Q
14642,0,3,"Name14642, Master. Surname14642",female,11.0,4,2,3101267,38.076184342766055,F33,S
145530,1,2,"Name145530, Master. Surname145530",female,0.0,1,2,345764,19.10189279825563,,C
36029,0,3,"Name36029, Mr. Surname36029",male,23.0,0,0,234604,7.860640382919191,,S
254936,0,2,"Name254936, Mr. Surname254936",male,20.0,0,0,4133,1.937618034267078,,S
463450,1,3,"Name463450, Mr. Surname463450",male,,0,0,113798,0.0,,S
649817,0,3,"Name649817, Miss. Surname649817",female,40.0,1,0,230433,23.72032630167559,G6,S
429873,0,2,"Name429873, Mr. Surname429873",male,29.0,0,0,A/5 3594,0.0,,S
66606,1,3,"Name66606, Mr. Surname66606",male,27.0,0,0,3101295,2.214693039015497,E33,S
961372,1,2,"Name961372, Miss. Surname961372",female,35.0,0,0,382652,16.20200788774247,,S
795913,0,3,"Name795913, Mr. Surname795913",male,38.0,0,0,C.A./SOTON 34068,5.47384137487081,,S
724994,0,3,"Name724994, Mr. Surname724994",male,,0,0,343275,0.0,,S
509328,0,3,"Name509328, Mr. Surname509328",male,30.0,2,0,CA. 2343,7.204681971077587,,S
167404,0,3,"Name167404, Mr. Surname167404",male,36.0,0,0,363291,6.345714874305589,,S
714424,0,1,"Name714424, Mr. Surname714424",male,34.0,0,0,392092,40.54173404330017,,S
747957,0,3,"Name747957, Mr. Surname747957",male,20.0,0,0,F.C.C. 13528,0.0,,S
253028,0,2,"Name253028, Mr. Surname253028",male,28.0,1,1,2699,27.305484911792885,,S
189485,0,2,"Name189485, Mr. Surname189485",male,28.0,0,0,A/4 48871,5.863847835034135,,S
930761,1,2,"Name930761, Miss. Surname930761",female,37.0,0,0,345779,19.40245316820148,,S
695567,0,3,"Name695567, Mr. Surname695567",male,25.0,0,0,SOTON/O.Q. 392087,11.3190329712449,D49,Q
311421,0,3,"Name311421, Master. Surname311421",female,7.0,3,2,28228,21.447999408630167,,S
158759,1,2,"Name158759, Mrs. Surname158759",female,37.0,0,0,36209,19.617369441371068,,S
608093,0,1,"Name608093, Mr. Surname608093",male,35.0,1,0,349203,54.73001348882973,,C
86354,1,3,"Name86354, Mr. Surname86354",male,13.0,1,1,3101298,18.01659384282802,C7,S
529824,0,3,"Name529824, Mr. Surname529824",male,,0,0,CA. 2343,19.537368493712137,,S
483404,0,3,"Name483404, Mr. Surname483404",male,18.0,0,0,9234,13.307052127794403,,S
897729,0,3,"Name897729, Mrs. Surname897729",female,,0,0,365226,8.41923269564465,,C
687462,0,3,"Name687462, Mr. Surname687462",male,19.0,0,0,113776,3.179889899239509,,S
236358,0,3,"Name236358, Mr. Surname236358",male,54.0,0,0,363291,8.321593634939113,,Q
479584,0,3,"Name479584, Mr. Surname479584",male,41.0,0,0,26707,5.842082475306933,B80,S
650402,0,2,"Name650402, Mr. Surname650402",male,20.0,0,0,349909,41.42500563852477,,S
5576,1,3,"Name5576, Miss. Surname5576",female,22.0,0,0,PC 17604,8.857664358493057,,Q
359677,1,3,"Name359677, Mlle. Surname359677",female,,1,0,250651,8.790186930754308,,S
924687,1,1,"Name924687, Mr. Surname924687",male,,0,0,PC 17473,45.47597916306535,,S
216432,0,3,"Name216432, Mr. Surname216432",male,29.0,0,0,330919,8.360152706746641,,C
112872,1,2,"Name112872, Miss. Surname112872",female,33.0,0,0,244373,16.936836253276464,,S
66943,0,3,"Name66943, Mr. Surname66943",male,,0,0,343120,1.4570006294929592,,S
200984,0,3,"Name200984, Mr. Surname200984",male,40.0,0,0,237736,2.788545502663118,,S
133758,0,1,"Name133758, Mr. Surname133758",male,40.0,0,1,A/5 2817,70.11484085536746,,S
202633,1,3,"Name202633, Miss. Surname202633",female,19.0,1,0,PC 17485,13.14537552542024,,Q
816801,1,2,"Name816801, Miss. Surname816801",female,22.0,0,0,347082,18.05667827222486,,Q
281631,0,1,"Name281631, Mr. Surname281631",male,30.0,0,0,2667,99.14536443267342,,S
565298,1,1,"Name565298, Master. Surname565298",female,10.0,0,1,365222,128.1698555550437,,S
431364,0,3,"Name431364, Mr. Surname431364",male,28.0,0,0,113781,12.279257030956323,,S
277396,1,2,"Name277396, Mrs. Surname277396",female,30.0,1,0,110465,25.78648365932833,,S
715435,0,3,"Name715435, Miss. Surname715435",female,15.0,0,2,250647,27.06607068577828,,S
647602,1,3,"Name647602, Master. Surname647602",female,6.0,0,1,113803,12.567385927485637,E24,C
330522,0,2,"Name330522, Mr. Surname330522",male,32.0,3,1,SC/AH 3085,19.251071590822317,B96 B98,S
913497,0,3,"Name913497, Mr. Surname913497",male,19.0,0,0,110465,12.167840981496829,,C
357353,0,3,"Name357353, Mr. Surname357353",male,27.0,0,0,347468,3.3906934908351043,,S
538267,0,3,"Name538267, Mrs. Surname538267",female,28.0,8,2,17421,41.27317711276754,E38,S
850661,0,3,"Name850661, Mr. Surname850661",male,20.0,0,0,243880,12.454289848517268,,S
782525,1,1,"Name782525, Miss. Surname782525",female,29.0,3,2,243880,201.4053079566408,,S
804816,0,3,"Name804816, Mr. Surname804816",male,29.0,0,0,PC 17473,16.80652210788046,D15,S
289961,1,3,"Name289961, Miss. Surname289961",female,28.0,0,3,244367,12.902336351911108,,C
287959,0,3,"Name287959, Mr. Surname287959",male,21.0,1,0,113781,11.288077930677057,A26,S
530206,0,2,"Name530206, Mr. Surname530206",male,27.0,0,0,371110,13.775046312325124,E17,S
926494,0,2,"Name926494, Mr. Surname926494",male,43.0,0,0,PC 17755,2.019795272250055,,S
375379,0,1,"Name375379, Mr. Surname375379",male,,0,2,C.A. 24580,135.29140106897557,,C
467900,0,3,"Name467900, Mr. Surname467900",male,30.0,1,0,13507,18.18394682347994,C65,Q
767598,0,3,"Name767598, Mr. Surname767598",male,25.0,1,5,2689,26.59078124784439,,S
344476,1,3,"Name344476, Mrs. Surname344476",female,34.0,1,0,370365,26.03931168419597,,S
327473,0,3,"Name327473, Mrs. Surname327473",female,,0,0,13507,14.092031493347024,,S
973037,0,3,"Name973037, Mr. Surname973037",male,4.0,5,2,36967,33.54379331167008,,S
442900,1,1,"Name442900, Master. Surname442900",female,6.0,1,0,330919,178.1960947623826,,C
666625,1,1,"Name666625, Miss. Surname666625",female,,0,0,113043,140.09322604444407,,C
339331,0,2,"Name339331, Mr. Surname339331",male,58.0,0,0,365226,0.0,,S
996286,0,3,"Name996286, Mr. Surname996286",male,51.0,0,0,36967,4.874192437816376,,S
840796,0,1,"Name840796, Mr. Surname840796",male,49.0,0,0,349244,64.41049577906014,,S
833366,1,1,"Name833366, Mrs. Surname833366",female,40.0,0,0,358585,172.41690055124624,,C
83373,1,2,"Name83373, Mr. Surname83373",male,21.0,0,0,CA. 2343,27.67324265708189,,S
416202,1,3,"Name416202, Master. Surname416202",female,2.0,0,1,S.O./P.P. 3,10.83580409089722,,C
231827,1,1,"Name231827, Miss. Surname231827",female,28.0,0,0,PC 17761,127.39837559594469,C47,C
858036,1,1,"Name858036, Mrs. Surname858036",female,26.0,0,1,347088,0.0,C68,C
809746,0,3,"Name809746, Mr. Surname809746",male,40.0,0,0,PC 17757,5.761015358002827,,S
994594,0,2,"Name994594, Mr. Surname994594",male,51.0,1,1,3101295,45.43020715426102,,S
893089,0,3,"Name893089, Mr. Surname893089",male,37.0,0,0,28424,16.54930607588654,,S
943118,0,3,"Name943118, Mrs. Surname943118",female,20.0,3,2,113572,30.5746313391822,,S
366159,1,3,"Name366159, Miss. Surname366159",female,30.0,0,0,226593,14.56751366167692,,S
818660,0,3,"Name818660, Miss. Surname818660",female,,1,5,2628,25.021622630188173,,S
519605,0,3,"Name519605, Mr. Surname519605",male,19.0,0,0,347088,10.32657577751158,,S
350798,0,3,"Name350798, Mr. Surname350798",male,24.0,1,0,349239,10.990236035955457,,S
685943,0,3,"Name685943, Miss. Surname685943",female,13.0,0,0,345778,0.0,,S
550133,0,2,"Name550133, Mr. Surname550133",male,24.0,0,0,239853,25.773180688607603,,S
286303,1,2,"Name286303, Mrs. Surname286303",female,23.0,1,0,29103,26.769901576678546,,S
942953,1,1,"Name942953, Miss. Surname942953",female,16.0,0,0,19952,176.7656196531693,A24,S
403142,1,3,"Name403142, Mr. Surname403142",male,29.0,1,1,239865,16.71951240013296,,C
273829,0,2,"Name273829, Mr. Surname273829",male,29.0,0,0,113760,15.734031744244335,,S
254792,0,3,"Name254792, Miss. Surname254792",female,31.0,0,0,368703,9.865408461025794,,S
77418,0,2,"Name77418, Mr. Surname77418",male,26.0,0,0,113055,20.158636331716963,,S
2303,0,3,"Name2303, Mr. Surname2303",male,,0,0,113760,6.648631738226281,,S
39771,0,3,"Name39771, Miss. Surname39771",female,30.0,8,2,362316,66.93932581328794,F33,S
78152,0,2,"Name78152, Mr. Surname78152",male,43.0,1,0,371110,28.22562860716073,,S
116262,0,3,"Name116262, Mr. Surname116262",male,0.0,4,1,113760,38.35306379352463,,S
734497,0,2,"Name734497, Mr. Surname734497",male,,0,0,65304,13.788612343935464,E40,S
74525,0,3,"Name74525, Mr. Surname74525",male,31.0,0,0,347074,21.37152563350047,,S
50598,0,3,"Name50598, Mr. Surname50598",male,8.0,4,1,237736,38.54855089645339,,S
162622,0,3,"Name162622, Mr. Surname162622",male,,0,0,3101267,13.429500637004724,,S
493599,1,3,"Name493599, Mr. Surname493599",male,,0,0,315094,0.0,,S
553056,1,2,"Name553056, Master. Surname553056",female,9.0,1,1,113767,20.800510026812223,C22 C26,S
692704,0,3,"Name692704, Mr. Surname692704",male,39.0,0,0,323951,3.485280631636792,C123,S
136029,1,2,"Name136029, Mrs. Surname136029",female,36.0,1,1,A/5 21171,32.71654351957248,A20,S
217284,0,3,"Name217284, Mr. Surname217284",male,,0,0,113798,3.0443519569873456,,S
960352,1,3,"Name960352, Miss. Surname960352",female,32.0,0,0,PC 17582,8.760972549306425,,S
446948,0,3,"Name446948, Mr. Surname446948",male,26.0,0,0,330909,2.700237266599652,,Q
141631,0,3,"Name141631, Mr. Surname141631",male,33.0,0,0,SC/PARIS 2133,0.0,E24,S
945189,1,2,"Name945189, Miss. Surname945189",female,49.0,0,0,24160,15.159045977552417,E101,S
135517,0,1,"Name135517, Mr. Surname135517",male,27.0,1,0,350035,59.667472956022586,,C
613260,0,2,"Name613260, Mr. Surname613260",male,30.0,0,0,112053,0.0,B51 B53 B55,S
929183,1,1,"Name929183, Miss. Surname929183",female,29.0,0,0,2683,111.73831468973194,,C
108406,1,2,"Name108406, Master. Surname108406",female,0.0,0,2,17421,21.737261046960125,,S
758936,1,3,"Name758936, Mr. Surname758936",male,26.0,0,0,111369,18.5240043848869,E67,S
238297,0,3,"Name238297, Mr. Surname238297",male,,0,0,370376,15.52118780931733,,S
669028,0,2,"Name669028, Mr. Surname669028",male,31.0,1,1,STON/O2. 3101290,26.34427079272011,C2,S
111458,1,1,"Name111458, Miss. Surname111458",female,37.0,0,0,345780,35.55904438151969,C50,C
713309,0,3,"Name713309, Mr. Surname713309",male,26.0,1,0,350047,16.63062958519912,,S
401180,0,3,"Name401180, Mr. Surname401180",male,,1,0,PC 17756,17.623139080735896,,S
257135,1,3,"Name257135, Master. Surname257135",female,8.0,1,1,13567,4.555589388176909,,S
42821,0,3,"Name42821, Mr. Surname42821",male,,0,0,111428,9.794241659824308,,S
514301,0,3,"Name514301, Miss. Surname514301",female,,0,0,C.A. 18723,5.5001312644852565,,Q
987169,0,3,"Name987169, Mr. Surname987169",male,,0,0,28228,23.93401978688154,,S
96253,1,2,"Name96253, Miss. Surname96253",female,29.0,1,0,C.A. 31921,22.5689644685886,,C
691416,0,2,"Name691416, Mr. Surname691416",male,41.0,0,0,CA. 2343,0.0,,S
453533,0,1,"Name453533, Mr. Surname453533",male,52.0,0,0,PC 17754,56.97890023502045,B79,
665921,0,3,"Name665921, Mr. Surname665921",male,28.0,0,0,2653,14.114794349333753,,S
443260,0,2,"Name443260, Mr. Surname443260",male,,0,0,PC 17755,20.33607205284159,,S
689610,1,3,"Name689610, Master. Surname689610",female,10.0,0,2,29750,17.29941616982623,,C
240972,1,3,"Name240972, Miss. Surname240972",female,13.0,1,1,349234,6.900022996800278,,S
301785,1,3,"Name301785, Mr. Surname301785",male,31.0,1,0,PC 17593,0.0,,S
395196,0,2,"Name395196, Mr. Surname395196",male,38.0,1,0,350026,39.96525110992326,,S
674116,0,2,"Name674116, Mr. Surname674116",male,61.0,0,0,349205,25.9319328101886,,S
190224,0,3,"Name190224, Mr. Surname190224",male,48.0,0,0,323592,8.167633389499452,E101,S
372032,0,2,"Name372032, Mr. Surname372032",male,24.0,3,1,2647,34.107019217043764,B42,S
208419,0,3,"Name208419, Mr. Surname208419",male,,0,0,2668,8.721091458813307,E10,S
